{
  "overall_avg_ndcg": 0.4322966027065891,
  "trial_avg_scores": [
    0.4861885594482174,
    0.42598256031542103,
    0.40557585020035464,
    0.42598256031542103,
    0.4117049742256585,
    0.42598256031542103,
    0.48882418559068375,
    0.4198534362901172,
    0.4198534362901172,
    0.4198534362901172,
    0.48618855944821726,
    0.42598256031542103,
    0.4117049742256585,
    0.42598256031542103,
    0.4117049742256585,
    0.48618855944821726,
    0.4198534362901172,
    0.40881799800130897,
    0.4198534362901172,
    0.4198534362901172
  ],
  "sample_stats": {
    "0": {
      "mean_ndcg": 0.3254282002435463,
      "std_ndcg": 0.21419593099317819
    },
    "1": {
      "mean_ndcg": 0.49520998633028473,
      "std_ndcg": 0.3529271342987197
    },
    "2": {
      "mean_ndcg": 0.43505900809914416,
      "std_ndcg": 0.31042252159856376
    },
    "3": {
      "mean_ndcg": 0.4070064360072454,
      "std_ndcg": 0.2808151290997793
    },
    "4": {
      "mean_ndcg": 0.4987793828527254,
      "std_ndcg": 0.3514491004762884
    }
  },
  "num_trials": 20,
  "num_samples": 5,
  "k": 10
}