{
  "strategy_name": "expert_instruction_id_first_plain",
  "overall_avg_ndcg": 0.5930578024942887,
  "trial_avg_scores": [
    0.5812753143731058,
    0.6160873493095436,
    0.6040656414580688,
    0.6115125785546058,
    0.5920668511716146,
    0.5643145568359511,
    0.5728187082569912,
    0.5715409918990997,
    0.6084480165419539,
    0.6084480165419539
  ],
  "sample_stats": {
    "0": {
      "mean_ndcg": 0.8333333333333333,
      "std_ndcg": 0.34156502553198664,
      "scores": [
        0.0,
        1.0,
        1.0,
        1.0,
        1.0,
        0.3333333333333333,
        1.0,
        1.0,
        1.0,
        1.0
      ]
    },
    "1": {
      "mean_ndcg": 0.7261859507142915,
      "std_ndcg": 0.29257780009232065,
      "scores": [
        1.0,
        1.0,
        1.0,
        0.6309297535714575,
        1.0,
        1.0,
        0.6309297535714575,
        0.3333333333333333,
        0.3333333333333333,
        0.3333333333333333
      ]
    },
    "2": {
      "mean_ndcg": 0.694630873461558,
      "std_ndcg": 0.2722083530777512,
      "scores": [
        0.6309297535714575,
        0.38685280723454163,
        1.0,
        0.3333333333333333,
        1.0,
        0.6309297535714575,
        1.0,
        0.6309297535714575,
        1.0,
        0.3333333333333333
      ]
    },
    "3": {
      "mean_ndcg": 0.8323465818787765,
      "std_ndcg": 0.21253024157666034,
      "scores": [
        1.0,
        1.0,
        0.6309297535714575,
        1.0,
        0.6309297535714575,
        1.0,
        1.0,
        1.0,
        0.43067655807339306,
        0.6309297535714575
      ]
    },
    "4": {
      "mean_ndcg": 0.5674106259877844,
      "std_ndcg": 0.23590684284252705,
      "scores": [
        1.0,
        0.43067655807339306,
        0.3333333333333333,
        0.43067655807339306,
        0.3562071871080222,
        0.43067655807339306,
        0.43067655807339306,
        0.6309297535714575,
        0.6309297535714575,
        1.0
      ]
    },
    "5": {
      "mean_ndcg": 0.3863277072857313,
      "std_ndcg": 0.3474945538247504,
      "scores": [
        0.3562071871080222,
        0.0,
        0.3333333333333333,
        1.0,
        0.0,
        0.43067655807339306,
        0.38685280723454163,
        1.0,
        0.0,
        0.3562071871080222
      ]
    },
    "6": {
      "mean_ndcg": 0.5168645259447266,
      "std_ndcg": 0.363660084399789,
      "scores": [
        0.43067655807339306,
        1.0,
        0.38685280723454163,
        0.38685280723454163,
        0.6309297535714575,
        0.0,
        0.3333333333333333,
        0.0,
        1.0,
        1.0
      ]
    },
    "7": {
      "mean_ndcg": 0.32454395542565817,
      "std_ndcg": 0.28246160345120136,
      "scores": [
        0.43067655807339306,
        0.3562071871080222,
        0.0,
        0.0,
        0.31546487678572877,
        1.0,
        0.0,
        0.3562071871080222,
        0.3562071871080222,
        0.43067655807339306
      ]
    },
    "8": {
      "mean_ndcg": 0.6399859146463662,
      "std_ndcg": 0.2591388461357098,
      "scores": [
        0.6309297535714575,
        0.6309297535714575,
        1.0,
        1.0,
        0.3562071871080222,
        0.38685280723454163,
        0.6309297535714575,
        0.43067655807339306,
        0.3333333333333333,
        1.0
      ]
    },
    "9": {
      "mean_ndcg": 0.4089485562646624,
      "std_ndcg": 0.24449621204013675,
      "scores": [
        0.3333333333333333,
        0.3562071871080222,
        0.3562071871080222,
        0.3333333333333333,
        0.6309297535714575,
        0.43067655807339306,
        0.31546487678572877,
        0.3333333333333333,
        1.0,
        0.0
      ]
    }
  },
  "num_trials": 10,
  "num_samples": 10,
  "k": 10
}