{
  "strategy_name": "expert_instruction_id_first_plain",
  "overall_avg_ndcg": 0.5861373959903048,
  "trial_avg_scores": [
    0.5552176827750188,
    0.5547726300329978,
    0.6137999639320747,
    0.5720415316218082,
    0.6248996447822395,
    0.4943682897302514,
    0.6550893636588141,
    0.6089485562646624,
    0.5725105642053354,
    0.6097257328998454
  ],
  "sample_stats": {
    "0": {
      "mean_ndcg": 0.8630929753571458,
      "std_ndcg": 0.2738140492857085,
      "scores": [
        1.0,
        1.0,
        1.0,
        1.0,
        0.31546487678572877,
        1.0,
        1.0,
        0.31546487678572877,
        1.0,
        1.0
      ]
    },
    "1": {
      "mean_ndcg": 0.7190385680952497,
      "std_ndcg": 0.25383991291845986,
      "scores": [
        0.6309297535714575,
        0.6309297535714575,
        0.3333333333333333,
        1.0,
        1.0,
        0.3333333333333333,
        1.0,
        1.0,
        0.6309297535714575,
        0.6309297535714575
      ]
    },
    "2": {
      "mean_ndcg": 0.6980703001559769,
      "std_ndcg": 0.2691060271226704,
      "scores": [
        0.3010299956639812,
        0.3562071871080222,
        0.43067655807339306,
        0.6309297535714575,
        1.0,
        0.6309297535714575,
        1.0,
        1.0,
        0.6309297535714575,
        1.0
      ]
    },
    "3": {
      "mean_ndcg": 0.765880900457323,
      "std_ndcg": 0.2975940231034209,
      "scores": [
        1.0,
        1.0,
        1.0,
        0.3562071871080222,
        1.0,
        0.6309297535714575,
        1.0,
        0.3562071871080222,
        1.0,
        0.31546487678572877
      ]
    },
    "4": {
      "mean_ndcg": 0.5902009530727474,
      "std_ndcg": 0.28007609252571214,
      "scores": [
        0.3333333333333333,
        1.0,
        0.38685280723454163,
        0.43067655807339306,
        1.0,
        0.6309297535714575,
        1.0,
        0.3562071871080222,
        0.3333333333333333,
        0.43067655807339306
      ]
    },
    "5": {
      "mean_ndcg": 0.5140064127842953,
      "std_ndcg": 0.24814544529137375,
      "scores": [
        0.5,
        0.38685280723454163,
        1.0,
        0.3562071871080222,
        0.31546487678572877,
        0.43067655807339306,
        0.3333333333333333,
        0.43067655807339306,
        0.38685280723454163,
        1.0
      ]
    },
    "6": {
      "mean_ndcg": 0.6063670800167056,
      "std_ndcg": 0.3454457151302808,
      "scores": [
        0.43067655807339306,
        0.38685280723454163,
        1.0,
        0.31546487678572877,
        0.0,
        0.5,
        0.43067655807339306,
        1.0,
        1.0,
        1.0
      ]
    },
    "7": {
      "mean_ndcg": 0.34732569293646076,
      "std_ndcg": 0.2952425873034806,
      "scores": [
        1.0,
        0.0,
        0.3562071871080222,
        0.0,
        0.3562071871080222,
        0.3562071871080222,
        0.0,
        0.6309297535714575,
        0.38685280723454163,
        0.38685280723454163
      ]
    },
    "8": {
      "mean_ndcg": 0.3404950439432352,
      "std_ndcg": 0.328028257373231,
      "scores": [
        0.0,
        0.3562071871080222,
        0.0,
        0.6309297535714575,
        0.6309297535714575,
        0.43067655807339306,
        0.3562071871080222,
        1.0,
        0.0,
        0.0
      ]
    },
    "9": {
      "mean_ndcg": 0.4168960330839079,
      "std_ndcg": 0.2817737586480174,
      "scores": [
        0.3562071871080222,
        0.43067655807339306,
        0.6309297535714575,
        1.0,
        0.6309297535714575,
        0.0,
        0.43067655807339306,
        0.0,
        0.3562071871080222,
        0.3333333333333333
      ]
    }
  },
  "num_trials": 10,
  "num_samples": 10,
  "k": 10
}