{
  "overall_avg_ndcg": 0.7161878636523322,
  "trial_avg_scores": [
    0.7118559360971916,
    0.7118559360971916,
    0.7058524871128292,
    0.7150862698641268,
    0.7333247437591728,
    0.731881255646998,
    0.7143090932289436,
    0.7150862698641267,
    0.7132994242093663,
    0.764018072045722,
    0.6851115894139332,
    0.7333247437591728,
    0.7351115894139333,
    0.7044089990006546,
    0.7150862698641268,
    0.7118559360971916,
    0.6650862698641268,
    0.7132994242093663,
    0.7087913740845396,
    0.7351115894139333
  ],
  "sample_stats": {
    "0": {
      "mean_ndcg": 0.73196843631122,
      "std_ndcg": 0.3757450661037796
    },
    "1": {
      "mean_ndcg": 0.679224008270977,
      "std_ndcg": 0.37126265559443233
    },
    "2": {
      "mean_ndcg": 0.818871166166994,
      "std_ndcg": 0.3215018731220218
    },
    "3": {
      "mean_ndcg": 0.8526088413875094,
      "std_ndcg": 0.26204309310880913
    },
    "4": {
      "mean_ndcg": 0.7225275024077115,
      "std_ndcg": 0.3630591405890673
    },
    "5": {
      "mean_ndcg": 0.6121690434790166,
      "std_ndcg": 0.36673220924988864
    },
    "6": {
      "mean_ndcg": 0.6713273452945476,
      "std_ndcg": 0.3538152293790759
    },
    "7": {
      "mean_ndcg": 0.7861082366674238,
      "std_ndcg": 0.3100964962623807
    },
    "8": {
      "mean_ndcg": 0.6921699381928788,
      "std_ndcg": 0.37721950122236875
    },
    "9": {
      "mean_ndcg": 0.5949041183450452,
      "std_ndcg": 0.39921894386495144
    }
  },
  "num_trials": 20,
  "num_samples": 10,
  "k": 10
}