{
  "overall_avg_ndcg": 0.60654622430075,
  "trial_avg_scores": [
    0.6140180720457221,
    0.6109535100330701,
    0.6077231762661348,
    0.6050924333460803,
    0.6109535100330701,
    0.6077231762661349,
    0.6068792790008407,
    0.6095192840476249,
    0.6109535100330701,
    0.6109535100330701,
    0.5967610766589042,
    0.5996387907565242,
    0.6040211658404093,
    0.6109535100330701,
    0.5978519451017638,
    0.605435790888666,
    0.6109535100330701,
    0.6091666643783096,
    0.5973514053790554,
    0.6040211658404093
  ],
  "sample_stats": {
    "0": {
      "mean_ndcg": 0.4685670939005166,
      "std_ndcg": 0.31891731416580615
    },
    "1": {
      "mean_ndcg": 0.6349861271789933,
      "std_ndcg": 0.4047335387077951
    },
    "2": {
      "mean_ndcg": 0.5263893033467804,
      "std_ndcg": 0.3557590191283301
    },
    "3": {
      "mean_ndcg": 0.7295790374020746,
      "std_ndcg": 0.3264065697978163
    },
    "4": {
      "mean_ndcg": 0.6616326316473724,
      "std_ndcg": 0.38514470499852244
    },
    "5": {
      "mean_ndcg": 0.624008157735511,
      "std_ndcg": 0.31513767765109596
    },
    "6": {
      "mean_ndcg": 0.6321921735766642,
      "std_ndcg": 0.2852071151742796
    },
    "7": {
      "mean_ndcg": 0.5193900677925137,
      "std_ndcg": 0.3853181907962844
    },
    "8": {
      "mean_ndcg": 0.6489639639293022,
      "std_ndcg": 0.31339592039029496
    },
    "9": {
      "mean_ndcg": 0.619753686497772,
      "std_ndcg": 0.35393511587610166
    }
  },
  "num_trials": 20,
  "num_samples": 10,
  "k": 10
}