{
  "overall_avg_ndcg": 0.6051007581799337,
  "trial_avg_scores": [
    0.599982820851679,
    0.6053347682417998,
    0.6053347682417998,
    0.6391772308720021,
    0.642241792884654,
    0.6053347682417998,
    0.6022702062291477,
    0.6022702062291478,
    0.5778625115954562,
    0.6053347682417998,
    0.6022702062291478,
    0.602270206229148,
    0.6022702062291478,
    0.6022702062291478,
    0.6022702062291478,
    0.6022702062291478,
    0.5809270736081082,
    0.5778625115954562,
    0.6053347682417998,
    0.6022702062291478,
    0.5992056442164959,
    0.6053347682417998,
    0.6053347682417998,
    0.6053347682417998,
    0.6361126688593501,
    0.6022702062291478,
    0.6022702062291478,
    0.6053347682417998,
    0.6022702062291478,
    0.6022702062291477,
    0.6053347682417998,
    0.6053347682417998,
    0.5992056442164959,
    0.6053347682417998,
    0.6022702062291478,
    0.6022702062291477,
    0.6022702062291478,
    0.6022702062291478,
    0.6053347682417998,
    0.6053347682417998,
    0.6022702062291478,
    0.6022702062291478,
    0.6053347682417998,
    0.6053347682417998,
    0.6022702062291477,
    0.6022702062291477,
    0.6022702062291478,
    0.6022702062291478,
    0.6022702062291478,
    0.6291488175275083,
    0.5778625115954562,
    0.6053347682417998,
    0.5999828208516789,
    0.6053347682417998,
    0.6022702062291477,
    0.6053347682417998,
    0.6022702062291478,
    0.6022702062291478,
    0.6053347682417998,
    0.6022702062291478,
    0.6053347682417998,
    0.6022702062291477,
    0.599982820851679,
    0.6022702062291478,
    0.6022702062291478,
    0.6222164733348475,
    0.6053347682417998,
    0.6053347682417998,
    0.5992056442164959,
    0.5992056442164959,
    0.6053347682417998,
    0.6022702062291478,
    0.6097171433256849,
    0.599982820851679,
    0.642241792884654,
    0.6022702062291478,
    0.6022702062291478,
    0.6022702062291478,
    0.5969182588390269,
    0.6053347682417998,
    0.6053347682417998,
    0.5966241679685391,
    0.6391772308720022,
    0.6022702062291478,
    0.602270206229148,
    0.6022702062291478,
    0.5809270736081082,
    0.642241792884654,
    0.573788280563227,
    0.6053347682417998,
    0.6053347682417998,
    0.6053347682417998,
    0.602270206229148,
    0.642241792884654,
    0.6053347682417998,
    0.6022702062291478,
    0.642241792884654,
    0.6022702062291478,
    0.6053347682417998,
    0.6053347682417998
  ],
  "sample_stats": {
    "0": {
      "mean_ndcg": 0.56604906387323,
      "std_ndcg": 0.32139878076513895
    },
    "1": {
      "mean_ndcg": 0.4930812832796253,
      "std_ndcg": 0.3380565136738729
    },
    "2": {
      "mean_ndcg": 0.5156260873582323,
      "std_ndcg": 0.27175593029027634
    },
    "3": {
      "mean_ndcg": 0.5652526361254735,
      "std_ndcg": 0.30224513167471695
    },
    "4": {
      "mean_ndcg": 0.5879599773377805,
      "std_ndcg": 0.30778387211849484
    },
    "5": {
      "mean_ndcg": 0.6108154670747638,
      "std_ndcg": 0.322225984999256
    },
    "6": {
      "mean_ndcg": 0.603985328618981,
      "std_ndcg": 0.24674533161663875
    },
    "7": {
      "mean_ndcg": 0.6214208143105681,
      "std_ndcg": 0.3148296235901251
    },
    "8": {
      "mean_ndcg": 0.6154737545345558,
      "std_ndcg": 0.3317651054314876
    },
    "9": {
      "mean_ndcg": 0.8713431692861294,
      "std_ndcg": 0.24608061682468033
    }
  },
  "num_trials": 100,
  "num_samples": 10,
  "k": 10
}