{
  "overall_avg_ndcg": 0.600870257039284,
  "trial_avg_scores": [
    0.613240895410539,
    0.6163054574231909,
    0.5789738758144688,
    0.615880900457323,
    0.6218843494416854,
    0.6049907381466451,
    0.6218843494416854,
    0.6163054574231909,
    0.5849773247988311,
    0.6163054574231909,
    0.6105696301651395,
    0.6163054574231909,
    0.5766864904369999,
    0.5730196935022044,
    0.5805949497149461,
    0.6189454624699751,
    0.5774020685860894,
    0.6019261761339931,
    0.6061872550812544,
    0.5650191514911389
  ],
  "sample_stats": {
    "0": {
      "mean_ndcg": 0.510561281536924,
      "std_ndcg": 0.36558654469258556
    },
    "1": {
      "mean_ndcg": 0.6074587281458519,
      "std_ndcg": 0.3828266359321395
    },
    "2": {
      "mean_ndcg": 0.6478676986713545,
      "std_ndcg": 0.30485534479927673
    },
    "3": {
      "mean_ndcg": 0.5186699820503423,
      "std_ndcg": 0.3365622161660615
    },
    "4": {
      "mean_ndcg": 0.4856540508859143,
      "std_ndcg": 0.3318653356252132
    },
    "5": {
      "mean_ndcg": 0.7057004922819793,
      "std_ndcg": 0.3232893233066789
    },
    "6": {
      "mean_ndcg": 0.5560997842247348,
      "std_ndcg": 0.2913093889362752
    },
    "7": {
      "mean_ndcg": 0.6527526655252608,
      "std_ndcg": 0.3449771561297684
    },
    "8": {
      "mean_ndcg": 0.6480196935022045,
      "std_ndcg": 0.3503140501085984
    },
    "9": {
      "mean_ndcg": 0.6759181935682752,
      "std_ndcg": 0.35565161697568615
    }
  },
  "num_trials": 20,
  "num_samples": 10,
  "k": 10
}