{
  "overall_avg_ndcg": 0.4017598945245494,
  "trial_avg_scores": [
    0.599982820851679,
    0.6022702062291478,
    0.6053347682417998,
    0.6053347682417998,
    0.6368898454945332,
    0.589177230872002,
    0.6053347682417998,
    0.6022702062291478,
    0.6053347682417998,
    0.6466241679685392,
    0.6053347682417998,
    0.6022702062291477,
    0.6022702062291478,
    0.6022702062291478,
    0.5992056442164959,
    0.6022702062291477,
    0.6053347682417998,
    0.642241792884654,
    0.6022702062291478,
    0.5922417928846541,
    0.642241792884654,
    0.6053347682417998,
    0.6022702062291478,
    0.5678340982509624,
    0.6361126688593501,
    0.5809270736081082,
    0.6053347682417998,
    0.5992056442164959,
    0.6053347682417998,
    0.6022702062291478,
    0.599982820851679,
    0.6022702062291477,
    0.642241792884654,
    0.6022702062291477,
    0.6053347682417998,
    0.6022702062291478,
    0.642241792884654,
    0.6053347682417998,
    0.6391772308720021,
    0.6053347682417998,
    0.6053347682417998,
    0.642241792884654,
    0.599982820851679,
    0.606652581313033,
    0.6022702062291478,
    0.6053347682417998,
    0.0,
    0.0,
    0.0,
    0.0,
    0.0,
    0.0,
    0.0,
    0.0,
    0.0,
    0.0,
    0.0,
    0.0,
    0.0,
    0.0,
    0.0,
    0.0,
    0.0,
    0.6053347682417998,
    0.6022702062291478,
    0.599982820851679,
    0.6053347682417998,
    0.6022702062291478,
    0.6097171433256848,
    0.6097171433256848,
    0.0,
    0.0,
    0.0,
    0.0,
    0.0,
    0.0,
    0.0,
    0.0,
    0.0,
    0.0,
    0.0,
    0.0,
    0.0,
    0.0,
    0.0,
    0.0,
    0.06309297535714575,
    0.6022702062291478,
    0.6053347682417998,
    0.6391772308720021,
    0.6022702062291478,
    0.6022702062291478,
    0.5809270736081082,
    0.6053347682417998,
    0.6022702062291478,
    0.6361126688593501,
    0.5755751262179873,
    0.6053347682417998,
    0.6097171433256849,
    0.6022702062291478
  ],
  "sample_stats": {
    "0": {
      "mean_ndcg": 0.3365163771423631,
      "std_ndcg": 0.3332470219425682
    },
    "1": {
      "mean_ndcg": 0.3306919902260549,
      "std_ndcg": 0.34352826586039975
    },
    "2": {
      "mean_ndcg": 0.3324290773858486,
      "std_ndcg": 0.33102749744847454
    },
    "3": {
      "mean_ndcg": 0.381029841425536,
      "std_ndcg": 0.36774357150031034
    },
    "4": {
      "mean_ndcg": 0.3844731842270195,
      "std_ndcg": 0.3781230504758786
    },
    "5": {
      "mean_ndcg": 0.4150991488670766,
      "std_ndcg": 0.3977236670462822
    },
    "6": {
      "mean_ndcg": 0.4111582040224061,
      "std_ndcg": 0.39084378212275733
    },
    "7": {
      "mean_ndcg": 0.38157106959604925,
      "std_ndcg": 0.3641547476558723
    },
    "8": {
      "mean_ndcg": 0.40534650852987836,
      "std_ndcg": 0.3896502366839503
    },
    "9": {
      "mean_ndcg": 0.6392835438232638,
      "std_ndcg": 0.46283179469777264
    }
  },
  "num_trials": 100,
  "num_samples": 10,
  "k": 10
}