{
  "strategy_name": "expert_instruction_id_first_plain",
  "overall_avg_ndcg": 0.569927962181065,
  "trial_avg_scores": [
    0.5671586168152145,
    0.5307521318950688,
    0.5928440278067976,
    0.5369213526337143,
    0.6043737855097245,
    0.5751060936344601,
    0.5754142376861159,
    0.6066611708871934,
    0.5697541462443393,
    0.540294058698022
  ],
  "sample_stats": {
    "0": {
      "mean_ndcg": 0.896426308690479,
      "std_ndcg": 0.21757348090437634
    },
    "1": {
      "mean_ndcg": 0.7016001884004075,
      "std_ndcg": 0.20949895499064397
    },
    "2": {
      "mean_ndcg": 0.7510855954965311,
      "std_ndcg": 0.2181626943893764
    },
    "3": {
      "mean_ndcg": 0.4799575013018725,
      "std_ndcg": 0.2982314701819357
    },
    "4": {
      "mean_ndcg": 0.48441892882986437,
      "std_ndcg": 0.26128591196419676
    },
    "5": {
      "mean_ndcg": 0.549420682642877,
      "std_ndcg": 0.2967188796417142
    },
    "6": {
      "mean_ndcg": 0.39278789292771155,
      "std_ndcg": 0.22008619246872244
    },
    "7": {
      "mean_ndcg": 0.5194686449480119,
      "std_ndcg": 0.4223267663335777
    },
    "8": {
      "mean_ndcg": 0.5676677461120835,
      "std_ndcg": 0.39248998529745205
    },
    "9": {
      "mean_ndcg": 0.3564461324608123,
      "std_ndcg": 0.16863493509881586
    }
  },
  "num_trials": 10,
  "num_samples": 10,
  "k": 10
}