{
  "overall_avg_ndcg": 0.5980005948047737,
  "trial_avg_scores": [
    0.6022787958033083,
    0.6291514616027712,
    0.5977707456784817,
    0.5652145889803314,
    0.5959839000237211,
    0.5992142337906563,
    0.6008353076911336,
    0.5965742287438723,
    0.596408456989589,
    0.5965742287438723
  ],
  "sample_stats": {
    "0": {
      "mean_ndcg": 0.5055758502003547,
      "std_ndcg": 0.33919036167061023
    },
    "1": {
      "mean_ndcg": 0.43025091961979134,
      "std_ndcg": 0.39708766211778784
    },
    "2": {
      "mean_ndcg": 0.5368805833678036,
      "std_ndcg": 0.3047282187137519
    },
    "3": {
      "mean_ndcg": 0.6964263086904791,
      "std_ndcg": 0.40731896968965076
    },
    "4": {
      "mean_ndcg": 0.6063530268355377,
      "std_ndcg": 0.351563045311468
    },
    "5": {
      "mean_ndcg": 0.6606979492813442,
      "std_ndcg": 0.2981113344422369
    },
    "6": {
      "mean_ndcg": 0.6586661246556011,
      "std_ndcg": 0.3695189321658463
    },
    "7": {
      "mean_ndcg": 0.6364560264019358,
      "std_ndcg": 0.3086198312923128
    },
    "8": {
      "mean_ndcg": 0.5881787955018483,
      "std_ndcg": 0.3647460370363398
    },
    "9": {
      "mean_ndcg": 0.6605203634930417,
      "std_ndcg": 0.32941048499254544
    }
  },
  "num_trials": 10,
  "num_samples": 10,
  "k": 10
}