{
  "overall_avg_ndcg": 0.6137514673800162,
  "trial_avg_scores": [
    0.6163054574231909,
    0.6205665363704522,
    0.5776201766997368,
    0.6124376752431822,
    0.6124376752431822,
    0.6189454624699751,
    0.6193700194358429,
    0.6175019743578003,
    0.6193700194358429,
    0.616305457423191,
    0.6189454624699751,
    0.6163054574231909,
    0.6193700194358429,
    0.6193700194358429,
    0.6193700194358429,
    0.5776201766997369,
    0.6193700194358429,
    0.6124376752431822,
    0.622010024482627,
    0.6193700194358429
  ],
  "sample_stats": {
    "0": {
      "mean_ndcg": 0.6830279210851813,
      "std_ndcg": 0.37870981395765574
    },
    "1": {
      "mean_ndcg": 0.5642683419070763,
      "std_ndcg": 0.362008167000689
    },
    "2": {
      "mean_ndcg": 0.5277812431667251,
      "std_ndcg": 0.32657920351437913
    },
    "3": {
      "mean_ndcg": 0.6240874034340982,
      "std_ndcg": 0.36075747692421256
    },
    "4": {
      "mean_ndcg": 0.5684808913955429,
      "std_ndcg": 0.3905601174805511
    },
    "5": {
      "mean_ndcg": 0.6652333152993707,
      "std_ndcg": 0.4036945646490983
    },
    "6": {
      "mean_ndcg": 0.6883733842360631,
      "std_ndcg": 0.3300389681414092
    },
    "7": {
      "mean_ndcg": 0.5564781246542497,
      "std_ndcg": 0.28957547566875375
    },
    "8": {
      "mean_ndcg": 0.6318198418269627,
      "std_ndcg": 0.26448595471409364
    },
    "9": {
      "mean_ndcg": 0.6279642067948915,
      "std_ndcg": 0.33918751541516007
    }
  },
  "num_trials": 20,
  "num_samples": 10,
  "k": 10
}