{
  "strategy_name": "expert_instruction_id_first_plain",
  "overall_avg_ndcg": 0.5570564862297345,
  "trial_avg_scores": [
    0.5102262726225539,
    0.5238283772765686,
    0.5582243885414122,
    0.5630843857829853,
    0.6284733360917605,
    0.5715409918990997,
    0.5520162120720016,
    0.566523812477404,
    0.5566611708871935,
    0.5399859146463662
  ],
  "sample_stats": {
    "0": {
      "mean_ndcg": 0.9,
      "std_ndcg": 0.3
    },
    "1": {
      "mean_ndcg": 0.47855785214287455,
      "std_ndcg": 0.29987026664935573
    },
    "2": {
      "mean_ndcg": 0.5874920804166768,
      "std_ndcg": 0.3262649118446125
    },
    "3": {
      "mean_ndcg": 0.5987051044937874,
      "std_ndcg": 0.2845954412380183
    },
    "4": {
      "mean_ndcg": 0.5928440278067977,
      "std_ndcg": 0.3224687493114862
    },
    "5": {
      "mean_ndcg": 0.55019785927806,
      "std_ndcg": 0.32831543052783835
    },
    "6": {
      "mean_ndcg": 0.524342970180445,
      "std_ndcg": 0.29003978492395227
    },
    "7": {
      "mean_ndcg": 0.3855505306505481,
      "std_ndcg": 0.3473506040608523
    },
    "8": {
      "mean_ndcg": 0.5402800055168541,
      "std_ndcg": 0.19981339161104358
    },
    "9": {
      "mean_ndcg": 0.41259443181130184,
      "std_ndcg": 0.09195566605134288
    }
  },
  "num_trials": 10,
  "num_samples": 10,
  "k": 10
}