{
  "strategy_name": "analyst_question_name_first_timestamped",
  "overall_avg_ndcg": 0.5344149643658518,
  "trial_avg_scores": [
    0.5464984929275977,
    0.5467524870847438,
    0.49871369406794797,
    0.43123786173502704,
    0.5635849255056937,
    0.6168645259447267,
    0.5394853749236579,
    0.600491950148548,
    0.4525783502808037,
    0.5479419810397724
  ],
  "sample_stats": {
    "0": {
      "mean_ndcg": 0.5270117461231738,
      "std_ndcg": 0.23730481727912597,
      "scores": [
        0.43067655807339306,
        0.38685280723454163,
        1.0,
        0.43067655807339306,
        0.38685280723454163,
        1.0,
        0.38685280723454163,
        0.38685280723454163,
        0.43067655807339306,
        0.43067655807339306
      ]
    },
    "1": {
      "mean_ndcg": 0.452371901428583,
      "std_ndcg": 0.3931775735905908,
      "scores": [
        1.0,
        0.6309297535714575,
        0.0,
        0.6309297535714575,
        1.0,
        0.0,
        0.6309297535714575,
        0.0,
        0.0,
        0.6309297535714575
      ]
    },
    "2": {
      "mean_ndcg": 0.5879135676952785,
      "std_ndcg": 0.382396183682966,
      "scores": [
        0.43067655807339306,
        0.6309297535714575,
        1.0,
        1.0,
        1.0,
        0.43067655807339306,
        0.0,
        1.0,
        0.38685280723454163,
        0.0
      ]
    },
    "3": {
      "mean_ndcg": 0.6710318626022308,
      "std_ndcg": 0.32039301610525467,
      "scores": [
        1.0,
        1.0,
        0.0,
        0.38685280723454163,
        0.6309297535714575,
        1.0,
        0.43067655807339306,
        0.6309297535714575,
        0.6309297535714575,
        1.0
      ]
    },
    "4": {
      "mean_ndcg": 0.5187882802898522,
      "std_ndcg": 0.4241298568945222,
      "scores": [
        0.0,
        0.5,
        0.0,
        0.3010299956639812,
        1.0,
        0.38685280723454163,
        1.0,
        0.0,
        1.0,
        1.0
      ]
    },
    "5": {
      "mean_ndcg": 0.6496421073843562,
      "std_ndcg": 0.2624807508792573,
      "scores": [
        0.31546487678572877,
        0.3010299956639812,
        1.0,
        0.6309297535714575,
        0.6309297535714575,
        1.0,
        1.0,
        0.6309297535714575,
        0.6309297535714575,
        0.3562071871080222
      ]
    },
    "6": {
      "mean_ndcg": 0.39861199886851273,
      "std_ndcg": 0.34844828207437006,
      "scores": [
        0.3562071871080222,
        0.38685280723454163,
        0.0,
        0.0,
        0.3562071871080222,
        0.38685280723454163,
        1.0,
        1.0,
        0.5,
        0.0
      ]
    },
    "7": {
      "mean_ndcg": 0.4403378617631125,
      "std_ndcg": 0.39541480492960124,
      "scores": [
        1.0,
        0.0,
        1.0,
        0.3010299956639812,
        0.0,
        1.0,
        0.0,
        0.3562071871080222,
        0.31546487678572877,
        0.43067655807339306
      ]
    },
    "8": {
      "mean_ndcg": 0.5567894900033981,
      "std_ndcg": 0.3352806532048116,
      "scores": [
        0.3010299956639812,
        1.0,
        0.3562071871080222,
        0.6309297535714575,
        0.0,
        0.3333333333333333,
        0.31546487678572877,
        1.0,
        0.6309297535714575,
        1.0
      ]
    },
    "9": {
      "mean_ndcg": 0.5416508275000202,
      "std_ndcg": 0.2920017616860579,
      "scores": [
        0.6309297535714575,
        0.6309297535714575,
        0.6309297535714575,
        0.0,
        0.6309297535714575,
        0.6309297535714575,
        0.6309297535714575,
        1.0,
        0.0,
        0.6309297535714575
      ]
    }
  },
  "num_trials": 10,
  "num_samples": 10,
  "k": 10
}