{
  "overall_avg_ndcg": 0.6574320020819568,
  "trial_avg_scores": [
    0.6288166936343462,
    0.7077231762661349,
    0.6577231762661349,
    0.6288166936343461,
    0.6607877382787868,
    0.6607877382787868,
    0.6577231762661349,
    0.6577231762661349,
    0.7122312263909616,
    0.6577231762661349,
    0.6607877382787868,
    0.6607877382787868,
    0.6577231762661349,
    0.6577231762661349,
    0.5946302009089891,
    0.6607877382787868,
    0.6288166936343461,
    0.7077231762661349,
    0.631881255646998,
    0.6577231762661349
  ],
  "sample_stats": {
    "0": {
      "mean_ndcg": 0.3791524577060627,
      "std_ndcg": 0.4101626864083057
    },
    "1": {
      "mean_ndcg": 0.4873514029540111,
      "std_ndcg": 0.3757695484592316
    },
    "2": {
      "mean_ndcg": 0.6275244346012978,
      "std_ndcg": 0.3279808187282975
    },
    "3": {
      "mean_ndcg": 0.6073408312418375,
      "std_ndcg": 0.32305264013364426
    },
    "4": {
      "mean_ndcg": 0.5351894798114822,
      "std_ndcg": 0.3845902878732316
    },
    "5": {
      "mean_ndcg": 0.7318039865945682,
      "std_ndcg": 0.3457185379376527
    },
    "6": {
      "mean_ndcg": 0.8500290655279752,
      "std_ndcg": 0.26630375962668723
    },
    "7": {
      "mean_ndcg": 0.7925528219575179,
      "std_ndcg": 0.3114112415035015
    },
    "8": {
      "mean_ndcg": 0.7228195705480553,
      "std_ndcg": 0.354083805105877
    },
    "9": {
      "mean_ndcg": 0.8405559698767597,
      "std_ndcg": 0.2842305972480645
    }
  },
  "num_trials": 20,
  "num_samples": 10,
  "k": 10
}