{
  "overall_avg_ndcg": 0.6249988492299896,
  "trial_avg_scores": [
    0.6265988484187327,
    0.6265988484187327,
    0.6309812235026178,
    0.6309812235026178,
    0.6265988484187327,
    0.6265988484187327,
    0.6168645259447267,
    0.6204697243934287,
    0.6191519113221956,
    0.6212469010286118,
    0.6212469010286118,
    0.6309812235026179,
    0.6309812235026178,
    0.6191519113221956,
    0.6235342864060807,
    0.6309812235026178,
    0.6168645259447267,
    0.6279166614899658,
    0.6212469010286119,
    0.6309812235026178
  ],
  "sample_stats": {
    "0": {
      "mean_ndcg": 0.6370158500808181,
      "std_ndcg": 0.29820388460630776
    },
    "1": {
      "mean_ndcg": 0.45965384445116886,
      "std_ndcg": 0.32167030334999447
    },
    "2": {
      "mean_ndcg": 0.5717316871817297,
      "std_ndcg": 0.3553013261531726
    },
    "3": {
      "mean_ndcg": 0.6737164258714518,
      "std_ndcg": 0.37067987623887816
    },
    "4": {
      "mean_ndcg": 0.5427483667056582,
      "std_ndcg": 0.2609988980366326
    },
    "5": {
      "mean_ndcg": 0.5672688678319089,
      "std_ndcg": 0.371735784530954
    },
    "6": {
      "mean_ndcg": 0.6864774845244789,
      "std_ndcg": 0.29314133504233264
    },
    "7": {
      "mean_ndcg": 0.7563670800167056,
      "std_ndcg": 0.3160291552142031
    },
    "8": {
      "mean_ndcg": 0.7426309516935339,
      "std_ndcg": 0.32696393772928556
    },
    "9": {
      "mean_ndcg": 0.6123779339424431,
      "std_ndcg": 0.34370438045711404
    }
  },
  "num_trials": 20,
  "num_samples": 10,
  "k": 10
}