{
  "overall_avg_ndcg": 0.6332064053705613,
  "trial_avg_scores": [
    0.6430942797241086,
    0.6204382172542476,
    0.6150862698641267,
    0.6220186140567875,
    0.6273705614469083,
    0.6404635368040541,
    0.6517782560805999,
    0.6220186140567876,
    0.6107038947802417,
    0.6220186140567875,
    0.6404635368040541,
    0.6243059994342564,
    0.6404635368040541,
    0.6562770440786971,
    0.6652145889803314,
    0.6160558421703625,
    0.6107038947802417,
    0.6317529365307935,
    0.6818812556469981,
    0.6220186140567875
  ],
  "sample_stats": {
    "0": {
      "mean_ndcg": 0.8537367805066532,
      "std_ndcg": 0.3010481223511151
    },
    "1": {
      "mean_ndcg": 0.7343941401449261,
      "std_ndcg": 0.38429019576165313
    },
    "2": {
      "mean_ndcg": 0.6596268032608155,
      "std_ndcg": 0.42008788449298173
    },
    "3": {
      "mean_ndcg": 0.6386852807234542,
      "std_ndcg": 0.4550237594167222
    },
    "4": {
      "mean_ndcg": 0.5531385220393485,
      "std_ndcg": 0.4337985806493138
    },
    "5": {
      "mean_ndcg": 0.5815945697178854,
      "std_ndcg": 0.3366181769705593
    },
    "6": {
      "mean_ndcg": 0.5212925752136199,
      "std_ndcg": 0.42507933537641496
    },
    "7": {
      "mean_ndcg": 0.5603984825320896,
      "std_ndcg": 0.38837201732175197
    },
    "8": {
      "mean_ndcg": 0.6500480820393124,
      "std_ndcg": 0.36619382017210406
    },
    "9": {
      "mean_ndcg": 0.5791488175275082,
      "std_ndcg": 0.3015909109321819
    }
  },
  "num_trials": 20,
  "num_samples": 10,
  "k": 10
}