{
  "overall_avg_ndcg": 0.6149032274839507,
  "trial_avg_scores": [
    0.6093731132305302,
    0.6105696301651395,
    0.6173736552415956,
    0.6093731132305302,
    0.6462801378733845,
    0.6105696301651395,
    0.5804666305987414,
    0.6462801378733845,
    0.6093731132305302,
    0.6093731132305302
  ],
  "sample_stats": {
    "0": {
      "mean_ndcg": 0.3879135676952785,
      "std_ndcg": 0.3760216328529624
    },
    "1": {
      "mean_ndcg": 0.6217560303254808,
      "std_ndcg": 0.4039854629852783
    },
    "2": {
      "mean_ndcg": 0.5236506993202928,
      "std_ndcg": 0.33208268037417493
    },
    "3": {
      "mean_ndcg": 0.5182542763125125,
      "std_ndcg": 0.3359680414007952
    },
    "4": {
      "mean_ndcg": 0.7333154816324432,
      "std_ndcg": 0.32759734899691717
    },
    "5": {
      "mean_ndcg": 0.6580672063612896,
      "std_ndcg": 0.33225994848889057
    },
    "6": {
      "mean_ndcg": 0.5811681555666629,
      "std_ndcg": 0.35771847654367994
    },
    "7": {
      "mean_ndcg": 0.6680837135037908,
      "std_ndcg": 0.2902651285093369
    },
    "8": {
      "mean_ndcg": 0.8430676558073393,
      "std_ndcg": 0.328306499324811
    },
    "9": {
      "mean_ndcg": 0.6137554883144154,
      "std_ndcg": 0.3482127207456048
    }
  },
  "num_trials": 10,
  "num_samples": 10,
  "k": 10
}