{
  "overall_avg_ndcg": 0.5897514877908085,
  "trial_avg_scores": [
    0.5804666305987414,
    0.5804666305987415,
    0.5466241679685392,
    0.6093731132305302,
    0.5835311926113934,
    0.5804666305987415,
    0.6093731132305302,
    0.6462801378733845,
    0.5804666305987414,
    0.5804666305987414
  ],
  "sample_stats": {
    "0": {
      "mean_ndcg": 0.5791488175275082,
      "std_ndcg": 0.386381173053549
    },
    "1": {
      "mean_ndcg": 0.37737056144690834,
      "std_ndcg": 0.43303865675744735
    },
    "2": {
      "mean_ndcg": 0.5622195671295349,
      "std_ndcg": 0.32160881233795724
    },
    "3": {
      "mean_ndcg": 0.5940741988597635,
      "std_ndcg": 0.31193030597584787
    },
    "4": {
      "mean_ndcg": 0.7143090932289436,
      "std_ndcg": 0.3656329595746539
    },
    "5": {
      "mean_ndcg": 0.6173736552415956,
      "std_ndcg": 0.4062657566695615
    },
    "6": {
      "mean_ndcg": 0.6388332007768474,
      "std_ndcg": 0.3749536110542659
    },
    "7": {
      "mean_ndcg": 0.7892789260714373,
      "std_ndcg": 0.3105808800329484
    },
    "8": {
      "mean_ndcg": 0.48806148774867175,
      "std_ndcg": 0.29563110114286284
    },
    "9": {
      "mean_ndcg": 0.5368453698768738,
      "std_ndcg": 0.36507684975282767
    }
  },
  "num_trials": 10,
  "num_samples": 10,
  "k": 10
}