{
  "overall_avg_ndcg": 0.6061276783431645,
  "trial_avg_scores": [
    0.6053347682417998,
    0.6022702062291477,
    0.6053347682417998,
    0.5778625115954562,
    0.6022702062291477,
    0.642241792884654,
    0.5778625115954562,
    0.6391772308720022,
    0.6097171433256849,
    0.5992056442164959
  ],
  "sample_stats": {
    "0": {
      "mean_ndcg": 0.6172431328663286,
      "std_ndcg": 0.2698515086875156
    },
    "1": {
      "mean_ndcg": 0.4684277435989455,
      "std_ndcg": 0.29103422297570136
    },
    "2": {
      "mean_ndcg": 0.7666494875183456,
      "std_ndcg": 0.24819606838833927
    },
    "3": {
      "mean_ndcg": 0.42974246287549134,
      "std_ndcg": 0.32323579020809573
    },
    "4": {
      "mean_ndcg": 0.6009839002970957,
      "std_ndcg": 0.23098706475237415
    },
    "5": {
      "mean_ndcg": 0.5147695362383105,
      "std_ndcg": 0.36387421495550265
    },
    "6": {
      "mean_ndcg": 0.48270532968870816,
      "std_ndcg": 0.24747690418554294
    },
    "7": {
      "mean_ndcg": 0.5503902549491126,
      "std_ndcg": 0.32733933924947106
    },
    "8": {
      "mean_ndcg": 0.6303649353993062,
      "std_ndcg": 0.3024260543595384
    },
    "9": {
      "mean_ndcg": 1.0,
      "std_ndcg": 0.0
    }
  },
  "num_trials": 10,
  "num_samples": 10,
  "k": 10
}