{
  "strategy_name": "expert_instruction_id_first_plain",
  "overall_avg_ndcg": 0.5750409135286496,
  "trial_avg_scores": [
    0.5946308734615581,
    0.5315378981044123,
    0.5791803246666893,
    0.6053433578159603,
    0.6115125785546058,
    0.6010151326265849,
    0.5637999639320748,
    0.5683106581321644,
    0.5871394607473616,
    0.507938887245085
  ],
  "sample_stats": {
    "0": {
      "mean_ndcg": 0.7982131543452395,
      "std_ndcg": 0.3082690242320635
    },
    "1": {
      "mean_ndcg": 0.7857052347619164,
      "std_ndcg": 0.23023322252778614
    },
    "2": {
      "mean_ndcg": 0.5617980798509332,
      "std_ndcg": 0.2522548714898441
    },
    "3": {
      "mean_ndcg": 0.8148712314377458,
      "std_ndcg": 0.2357219896615598
    },
    "4": {
      "mean_ndcg": 0.4368898454945331,
      "std_ndcg": 0.2512313615566426
    },
    "5": {
      "mean_ndcg": 0.5609332611974829,
      "std_ndcg": 0.23952565150318325
    },
    "6": {
      "mean_ndcg": 0.39922828697182433,
      "std_ndcg": 0.37751883371628703
    },
    "7": {
      "mean_ndcg": 0.3098626415902105,
      "std_ndcg": 0.3163487107482479
    },
    "8": {
      "mean_ndcg": 0.5796579468243771,
      "std_ndcg": 0.3589404711276784
    },
    "9": {
      "mean_ndcg": 0.5032494528122338,
      "std_ndcg": 0.19787486662532427
    }
  },
  "num_trials": 10,
  "num_samples": 10,
  "k": 10
}