{
  "overall_avg_ndcg": 0.7205252977922881,
  "trial_avg_scores": [
    0.7607877382787869,
    0.7276201766997368,
    0.6687882802898523,
    0.697694762921641,
    0.7607877382787869,
    0.7595912213441774,
    0.6687882802898523,
    0.7306847387123887,
    0.7607877382787869,
    0.667591763355243,
    0.6687882802898523,
    0.667591763355243,
    0.7607877382787869,
    0.7607877382787869,
    0.697694762921641,
    0.7607877382787869,
    0.7017782560806,
    0.7607877382787869,
    0.697694762921641,
    0.7306847387123887
  ],
  "sample_stats": {
    "0": {
      "mean_ndcg": 0.6086215664331645,
      "std_ndcg": 0.3955809016853893
    },
    "1": {
      "mean_ndcg": 0.5468888570347673,
      "std_ndcg": 0.449867193579785
    },
    "2": {
      "mean_ndcg": 0.8135914923497103,
      "std_ndcg": 0.29235557424463715
    },
    "3": {
      "mean_ndcg": 0.8320450046711372,
      "std_ndcg": 0.29189105967888124
    },
    "4": {
      "mean_ndcg": 0.7627462627048401,
      "std_ndcg": 0.3242411977234866
    },
    "5": {
      "mean_ndcg": 0.8127023643094102,
      "std_ndcg": 0.3309552731734085
    },
    "6": {
      "mean_ndcg": 0.7942488519879831,
      "std_ndcg": 0.3302860950876508
    },
    "7": {
      "mean_ndcg": 0.7868895092182486,
      "std_ndcg": 0.2970014086863737
    },
    "8": {
      "mean_ndcg": 0.5327310599293018,
      "std_ndcg": 0.3575546211153781
    },
    "9": {
      "mean_ndcg": 0.7147880092843195,
      "std_ndcg": 0.37038771368206347
    }
  },
  "num_trials": 20,
  "num_samples": 10,
  "k": 10
}