{
  "overall_avg_ndcg": 0.7172992044994697,
  "trial_avg_scores": [
    0.7238807136359326,
    0.757723176266135,
    0.7226841967013232,
    0.7238807136359326,
    0.7238807136359326,
    0.7208161516232806,
    0.7238807136359326,
    0.7196196346886713,
    0.6818812556469981,
    0.7238807136359326,
    0.6919096689914919,
    0.7196196346886713,
    0.6949742310041438,
    0.6949742310041438,
    0.731881255646998,
    0.7238807136359326,
    0.6949742310041438,
    0.7238807136359326,
    0.7238807136359326,
    0.7238807136359326
  ],
  "sample_stats": {
    "0": {
      "mean_ndcg": 0.7341260365267251,
      "std_ndcg": 0.2659959424358288
    },
    "1": {
      "mean_ndcg": 0.62430695705566,
      "std_ndcg": 0.3685426673012865
    },
    "2": {
      "mean_ndcg": 0.5747249471775112,
      "std_ndcg": 0.2927049126434579
    },
    "3": {
      "mean_ndcg": 0.7957362384955877,
      "std_ndcg": 0.29062584861206603
    },
    "4": {
      "mean_ndcg": 0.8689963100696927,
      "std_ndcg": 0.20809628031509153
    },
    "5": {
      "mean_ndcg": 0.7116768663190868,
      "std_ndcg": 0.30511130496534744
    },
    "6": {
      "mean_ndcg": 0.7613859967460915,
      "std_ndcg": 0.3046881868956972
    },
    "7": {
      "mean_ndcg": 0.6143927851172626,
      "std_ndcg": 0.32394894686133974
    },
    "8": {
      "mean_ndcg": 0.7655883444304682,
      "std_ndcg": 0.3147585600235206
    },
    "9": {
      "mean_ndcg": 0.7220575630566113,
      "std_ndcg": 0.3353486084144488
    }
  },
  "num_trials": 20,
  "num_samples": 10,
  "k": 10
}