{
  "overall_avg_ndcg": 0.6047029944388269,
  "trial_avg_scores": [
    0.6175019743578003,
    0.6075050681524876,
    0.6205665363704522,
    0.6105696301651395,
    0.6105696301651397,
    0.6136341921777915,
    0.5805949497149461,
    0.6205665363704522,
    0.5662156684257482,
    0.5767271675349372,
    0.6105696301651395,
    0.6175019743578003,
    0.6136341921777915,
    0.6175019743578003,
    0.6175019743578003,
    0.5736626055222853,
    0.5767271675349372,
    0.6175019743578003,
    0.6218843494416854,
    0.6031226930686026
  ],
  "sample_stats": {
    "0": {
      "mean_ndcg": 0.7068812556469981,
      "std_ndcg": 0.318831524609107
    },
    "1": {
      "mean_ndcg": 0.5107092706590084,
      "std_ndcg": 0.3682907443931571
    },
    "2": {
      "mean_ndcg": 0.5502865644439706,
      "std_ndcg": 0.3546922133321892
    },
    "3": {
      "mean_ndcg": 0.5770646180605133,
      "std_ndcg": 0.3569878538789067
    },
    "4": {
      "mean_ndcg": 0.687644949865676,
      "std_ndcg": 0.3134321169001002
    },
    "5": {
      "mean_ndcg": 0.5595892676194825,
      "std_ndcg": 0.39231848934818386
    },
    "6": {
      "mean_ndcg": 0.5842034111053946,
      "std_ndcg": 0.33795290712857107
    },
    "7": {
      "mean_ndcg": 0.633353809287148,
      "std_ndcg": 0.30332559969926
    },
    "8": {
      "mean_ndcg": 0.5874628934035595,
      "std_ndcg": 0.28457989412017676
    },
    "9": {
      "mean_ndcg": 0.6498339042965176,
      "std_ndcg": 0.32991573362410087
    }
  },
  "num_trials": 20,
  "num_samples": 10,
  "k": 10
}