{
  "overall_avg_ndcg": 0.7149353642586637,
  "trial_avg_scores": [
    0.7595912213441774,
    0.731881255646998,
    0.731881255646998,
    0.7607877382787869,
    0.6687882802898523,
    0.6687882802898523,
    0.731881255646998,
    0.731881255646998,
    0.667591763355243,
    0.7306847387123887,
    0.7577231762661348,
    0.6964982459870317,
    0.6687882802898523,
    0.697694762921641,
    0.757723176266135,
    0.7363800436450952,
    0.6386852807234542,
    0.731881255646998,
    0.6687882802898523,
    0.7607877382787869
  ],
  "sample_stats": {
    "0": {
      "mean_ndcg": 0.7128294848582662,
      "std_ndcg": 0.3539199975413465
    },
    "1": {
      "mean_ndcg": 0.662538615285271,
      "std_ndcg": 0.409138704111769
    },
    "2": {
      "mean_ndcg": 0.7190791498628476,
      "std_ndcg": 0.3660408921207856
    },
    "3": {
      "mean_ndcg": 0.7053430215396758,
      "std_ndcg": 0.37415577069934397
    },
    "4": {
      "mean_ndcg": 0.7317092405994207,
      "std_ndcg": 0.3763885618236917
    },
    "5": {
      "mean_ndcg": 0.6562770440786971,
      "std_ndcg": 0.3969726787699576
    },
    "6": {
      "mean_ndcg": 0.7803938691393935,
      "std_ndcg": 0.35648374161408675
    },
    "7": {
      "mean_ndcg": 0.8925977164562392,
      "std_ndcg": 0.22756411970357626
    },
    "8": {
      "mean_ndcg": 0.6940018808104178,
      "std_ndcg": 0.38489723239257756
    },
    "9": {
      "mean_ndcg": 0.5945836199564083,
      "std_ndcg": 0.36100068607215763
    }
  },
  "num_trials": 20,
  "num_samples": 10,
  "k": 10
}