{
  "overall_avg_ndcg": 0.7005527323657154,
  "trial_avg_scores": [
    0.7044089990006545,
    0.7622312263909616,
    0.6687882802898523,
    0.7333154816324432,
    0.731881255646998,
    0.6818812556469981,
    0.6687882802898523,
    0.6657237182772003,
    0.6802509196197912,
    0.7288166936343461,
    0.667591763355243,
    0.697694762921641,
    0.731881255646998,
    0.731881255646998,
    0.7276201766997368,
    0.6657237182772004,
    0.697694762921641,
    0.7595912213441774,
    0.6407624187289803,
    0.6645272013425909
  ],
  "sample_stats": {
    "0": {
      "mean_ndcg": 0.6295787011257901,
      "std_ndcg": 0.42332707850950896
    },
    "1": {
      "mean_ndcg": 0.6160145878501957,
      "std_ndcg": 0.4114725174249505
    },
    "2": {
      "mean_ndcg": 0.7623666002376936,
      "std_ndcg": 0.3719962020895459
    },
    "3": {
      "mean_ndcg": 0.7795047410990934,
      "std_ndcg": 0.38869169686168703
    },
    "4": {
      "mean_ndcg": 0.6869783021124,
      "std_ndcg": 0.3546302493498564
    },
    "5": {
      "mean_ndcg": 0.6692039574892619,
      "std_ndcg": 0.36219750372056536
    },
    "6": {
      "mean_ndcg": 0.5278360901427439,
      "std_ndcg": 0.36865441666753784
    },
    "7": {
      "mean_ndcg": 0.6421159943734296,
      "std_ndcg": 0.34168086625421357
    },
    "8": {
      "mean_ndcg": 0.9064956400788553,
      "std_ndcg": 0.2226552087239854
    },
    "9": {
      "mean_ndcg": 0.7854327091476894,
      "std_ndcg": 0.3362917758844782
    }
  },
  "num_trials": 20,
  "num_samples": 10,
  "k": 10
}