{
  "overall_avg_ndcg": 0.6713129744753208,
  "trial_avg_scores": [
    0.7238807136359326,
    0.7238807136359326,
    0.6577231762661349,
    0.6577231762661349,
    0.6577231762661349,
    0.6607877382787868,
    0.6607877382787868,
    0.6577231762661349,
    0.6577231762661349,
    0.6577231762661349,
    0.6577231762661349,
    0.657723176266135,
    0.6607877382787868,
    0.6607877382787868,
    0.7107877382787868,
    0.6577231762661349,
    0.7077231762661349,
    0.6577231762661349,
    0.678816693634346,
    0.6607877382787868
  ],
  "sample_stats": {
    "0": {
      "mean_ndcg": 0.4459997289944672,
      "std_ndcg": 0.4745163676045941
    },
    "1": {
      "mean_ndcg": 0.6406748244021777,
      "std_ndcg": 0.376991505291459
    },
    "2": {
      "mean_ndcg": 0.6217501741623019,
      "std_ndcg": 0.3520409755053088
    },
    "3": {
      "mean_ndcg": 0.5918987204109029,
      "std_ndcg": 0.3139428862922741
    },
    "4": {
      "mean_ndcg": 0.7953116815297199,
      "std_ndcg": 0.30726127520864743
    },
    "5": {
      "mean_ndcg": 0.7873560340173757,
      "std_ndcg": 0.28029073399646315
    },
    "6": {
      "mean_ndcg": 0.6836123043064349,
      "std_ndcg": 0.3040952719798112
    },
    "7": {
      "mean_ndcg": 0.7972702059557732,
      "std_ndcg": 0.325598062395974
    },
    "8": {
      "mean_ndcg": 0.6455632273447189,
      "std_ndcg": 0.32808275011298127
    },
    "9": {
      "mean_ndcg": 0.7036928436293355,
      "std_ndcg": 0.314392553827944
    }
  },
  "num_trials": 20,
  "num_samples": 10,
  "k": 10
}