{
  "strategy_name": "expert_strict_comma",
  "overall_avg_ndcg": 0.6057998257990008,
  "trial_avg_scores": [
    0.6089485562646624,
    0.6075050681524876,
    0.6011434517427894,
    0.6105696301651395,
    0.6105696301651395,
    0.607938887245085,
    0.6160873493095436,
    0.6120131182773144,
    0.6064953991329103,
    0.5767271675349372
  ],
  "sample_stats": {
    "0": {
      "mean_ndcg": 0.7248205923381328,
      "std_ndcg": 0.35594532993693256,
      "scores": [
        1.0,
        0.43067655807339306,
        1.0,
        1.0,
        1.0,
        0.0,
        0.43067655807339306,
        0.38685280723454163,
        1.0,
        1.0
      ]
    },
    "1": {
      "mean_ndcg": 0.6211601817184353,
      "std_ndcg": 0.3121159808463621,
      "scores": [
        0.6309297535714575,
        1.0,
        1.0,
        0.6309297535714575,
        1.0,
        0.6309297535714575,
        0.38685280723454163,
        0.0,
        0.3010299956639812,
        0.6309297535714575
      ]
    },
    "2": {
      "mean_ndcg": 0.6547726300329979,
      "std_ndcg": 0.2914378133389187,
      "scores": [
        0.3562071871080222,
        0.3562071871080222,
        1.0,
        0.38685280723454163,
        0.6309297535714575,
        0.43067655807339306,
        1.0,
        1.0,
        1.0,
        0.38685280723454163
      ]
    },
    "3": {
      "mean_ndcg": 0.5790231424865666,
      "std_ndcg": 0.3604830236933914,
      "scores": [
        0.0,
        1.0,
        1.0,
        1.0,
        0.43067655807339306,
        0.38685280723454163,
        0.3562071871080222,
        0.31546487678572877,
        1.0,
        0.3010299956639812
      ]
    },
    "4": {
      "mean_ndcg": 0.6417813498752872,
      "std_ndcg": 0.3989492701191012,
      "scores": [
        0.43067655807339306,
        0.6309297535714575,
        0.0,
        1.0,
        0.3562071871080222,
        1.0,
        1.0,
        1.0,
        1.0,
        0.0
      ]
    },
    "5": {
      "mean_ndcg": 0.6479419810397723,
      "std_ndcg": 0.33101431320130736,
      "scores": [
        1.0,
        0.0,
        0.6309297535714575,
        0.43067655807339306,
        1.0,
        1.0,
        1.0,
        0.3562071871080222,
        0.6309297535714575,
        0.43067655807339306
      ]
    },
    "6": {
      "mean_ndcg": 0.693530742891969,
      "std_ndcg": 0.31916057715646357,
      "scores": [
        1.0,
        1.0,
        0.31546487678572877,
        0.3010299956639812,
        0.3010299956639812,
        1.0,
        1.0,
        1.0,
        0.38685280723454163,
        0.6309297535714575
      ]
    },
    "7": {
      "mean_ndcg": 0.4793312865382225,
      "std_ndcg": 0.36919304002978454,
      "scores": [
        0.31546487678572877,
        0.3010299956639812,
        0.43067655807339306,
        0.0,
        1.0,
        0.31546487678572877,
        0.0,
        1.0,
        0.43067655807339306,
        1.0
      ]
    },
    "8": {
      "mean_ndcg": 0.4663814401800315,
      "std_ndcg": 0.30228361600026343,
      "scores": [
        0.3562071871080222,
        0.3562071871080222,
        0.3333333333333333,
        1.0,
        0.0,
        0.31546487678572877,
        0.3562071871080222,
        0.6309297535714575,
        0.31546487678572877,
        1.0
      ]
    },
    "9": {
      "mean_ndcg": 0.5492549108885937,
      "std_ndcg": 0.3291744047812149,
      "scores": [
        1.0,
        1.0,
        0.3010299956639812,
        0.3562071871080222,
        0.38685280723454163,
        1.0,
        0.6309297535714575,
        0.43067655807339306,
        0.0,
        0.38685280723454163
      ]
    }
  },
  "num_trials": 10,
  "num_samples": 10,
  "k": 10
}