{
  "overall_avg_ndcg": 0.6464182617736658,
  "trial_avg_scores": [
    0.6274020685860895,
    0.6843344127787502,
    0.6504919501485479,
    0.6343344127787501,
    0.6582329781155728,
    0.6433531571036666,
    0.648204564771079,
    0.647427388135896,
    0.6504919501485479,
    0.6449742310041439,
    0.647427388135896,
    0.630260181746521,
    0.6820470274012813,
    0.6281792452212726,
    0.647427388135896,
    0.6605203634930417,
    0.6343344127787501,
    0.6540211658404094,
    0.631881255646998,
    0.6230196935022044
  ],
  "sample_stats": {
    "0": {
      "mean_ndcg": 0.7269656884214835,
      "std_ndcg": 0.2843889987684463
    },
    "1": {
      "mean_ndcg": 0.519710786589251,
      "std_ndcg": 0.280305495898518
    },
    "2": {
      "mean_ndcg": 0.6442422851439666,
      "std_ndcg": 0.31550704422089426
    },
    "3": {
      "mean_ndcg": 0.699356847033974,
      "std_ndcg": 0.4026757954125827
    },
    "4": {
      "mean_ndcg": 0.6868066694250937,
      "std_ndcg": 0.3648279397692822
    },
    "5": {
      "mean_ndcg": 0.6303341417732174,
      "std_ndcg": 0.34197128318979336
    },
    "6": {
      "mean_ndcg": 0.5220954714317774,
      "std_ndcg": 0.3478304932953262
    },
    "7": {
      "mean_ndcg": 0.7317924627528468,
      "std_ndcg": 0.3361808698900297
    },
    "8": {
      "mean_ndcg": 0.6290613466709886,
      "std_ndcg": 0.2580798322700612
    },
    "9": {
      "mean_ndcg": 0.6738169184940583,
      "std_ndcg": 0.3166946606658073
    }
  },
  "num_trials": 20,
  "num_samples": 10,
  "k": 10
}