{
  "overall_avg_ndcg": 0.6104735738714522,
  "trial_avg_scores": [
    0.5996387907565243,
    0.6040211658404094,
    0.6093731132305302,
    0.620687832507076,
    0.6137554883144153,
    0.6189454624699751,
    0.5992142337906564,
    0.5996387907565243,
    0.6501479200533932,
    0.6137554883144153,
    0.6008353076911336,
    0.6045661811807772,
    0.6206878325070762,
    0.5992142337906564,
    0.5965742287438722,
    0.6022787958033083,
    0.6022787958033083,
    0.6137554883144154,
    0.6445377678362834,
    0.5955645597242949
  ],
  "sample_stats": {
    "0": {
      "mean_ndcg": 0.5600937837970299,
      "std_ndcg": 0.2786361263928838
    },
    "1": {
      "mean_ndcg": 0.456270559839458,
      "std_ndcg": 0.3522570320228
    },
    "2": {
      "mean_ndcg": 0.5287802775665875,
      "std_ndcg": 0.38064061335814525
    },
    "3": {
      "mean_ndcg": 0.628554322709041,
      "std_ndcg": 0.3428129670711954
    },
    "4": {
      "mean_ndcg": 0.7281675875673238,
      "std_ndcg": 0.30803003455392
    },
    "5": {
      "mean_ndcg": 0.5995562692956107,
      "std_ndcg": 0.3841377141036695
    },
    "6": {
      "mean_ndcg": 0.7066231795087732,
      "std_ndcg": 0.3410330958476969
    },
    "7": {
      "mean_ndcg": 0.5928534919991075,
      "std_ndcg": 0.33894076344726554
    },
    "8": {
      "mean_ndcg": 0.72092664358592,
      "std_ndcg": 0.3504750785359782
    },
    "9": {
      "mean_ndcg": 0.5829096228456713,
      "std_ndcg": 0.3583711708814578
    }
  },
  "num_trials": 20,
  "num_samples": 10,
  "k": 10
}