{
  "overall_avg_ndcg": 0.7108380191758765,
  "trial_avg_scores": [
    0.678816693634346,
    0.7095912213441775,
    0.6478605346759243,
    0.673752394519728,
    0.7591666643783097,
    0.6818812556469981,
    0.7565266593315255,
    0.7565266593315255,
    0.607938887245085,
    0.7595912213441774,
    0.7607877382787869,
    0.7351115894139333,
    0.6820470274012813,
    0.731881255646998,
    0.7607877382787869,
    0.7351115894139333,
    0.648713694067948,
    0.7017782560806,
    0.7017782560806,
    0.7271110474028678
  ],
  "sample_stats": {
    "0": {
      "mean_ndcg": 0.6837958816776215,
      "std_ndcg": 0.4009370739671785
    },
    "1": {
      "mean_ndcg": 0.6540276500796486,
      "std_ndcg": 0.4108255572489085
    },
    "2": {
      "mean_ndcg": 0.7486757026895277,
      "std_ndcg": 0.3635383053056609
    },
    "3": {
      "mean_ndcg": 0.6142637108437115,
      "std_ndcg": 0.335115354296796
    },
    "4": {
      "mean_ndcg": 0.7128294848582662,
      "std_ndcg": 0.35391999754134645
    },
    "5": {
      "mean_ndcg": 0.7884242318357806,
      "std_ndcg": 0.3118730471102109
    },
    "6": {
      "mean_ndcg": 0.7570509577721336,
      "std_ndcg": 0.3233695765318084
    },
    "7": {
      "mean_ndcg": 0.8126621008740536,
      "std_ndcg": 0.3098776017000696
    },
    "8": {
      "mean_ndcg": 0.699390179209086,
      "std_ndcg": 0.3088806809224764
    },
    "9": {
      "mean_ndcg": 0.6372602919189368,
      "std_ndcg": 0.28792123036738243
    }
  },
  "num_trials": 20,
  "num_samples": 10,
  "k": 10
}