{
  "overall_avg_ndcg": 0.6137452806546548,
  "trial_avg_scores": [
    0.6163954933611995,
    0.6141081079837305,
    0.6107354019194229,
    0.6207323081247355,
    0.6181823390159599,
    0.6120131182773144,
    0.611512578554606,
    0.6105696301651395,
    0.61818233901596,
    0.6105696301651395,
    0.6107354019194229,
    0.6189454624699751,
    0.6137999639320747,
    0.6137999639320747,
    0.6089485562646624,
    0.6137999639320747,
    0.6204697243934288,
    0.6089485562646624,
    0.6149520052490247,
    0.6075050681524876
  ],
  "sample_stats": {
    "0": {
      "mean_ndcg": 0.5076973443627374,
      "std_ndcg": 0.3640990853027068
    },
    "1": {
      "mean_ndcg": 0.5171348441627519,
      "std_ndcg": 0.3636921463256546
    },
    "2": {
      "mean_ndcg": 0.623784556267435,
      "std_ndcg": 0.2869251221828885
    },
    "3": {
      "mean_ndcg": 0.7211409447989978,
      "std_ndcg": 0.36380391189452765
    },
    "4": {
      "mean_ndcg": 0.5836040791485023,
      "std_ndcg": 0.3072871360143202
    },
    "5": {
      "mean_ndcg": 0.7902333152993707,
      "std_ndcg": 0.3442905353075834
    },
    "6": {
      "mean_ndcg": 0.6025764791608861,
      "std_ndcg": 0.3156239161638743
    },
    "7": {
      "mean_ndcg": 0.6324760026245124,
      "std_ndcg": 0.3442614447023741
    },
    "8": {
      "mean_ndcg": 0.6113461926588256,
      "std_ndcg": 0.3086958200024136
    },
    "9": {
      "mean_ndcg": 0.547459048062529,
      "std_ndcg": 0.3639497962949517
    }
  },
  "num_trials": 20,
  "num_samples": 10,
  "k": 10
}