{
  "strategy_name": "expert_instruction_id_first_plain",
  "overall_avg_ndcg": 0.5670972021585087,
  "trial_avg_scores": [
    0.5812753143731056,
    0.5697541462443392,
    0.5302515921723603,
    0.6082822447876707,
    0.5176732097190908,
    0.6061606311644849,
    0.5382076585657664,
    0.5563530268355377,
    0.5563530268355377,
    0.6066611708871934
  ],
  "sample_stats": {
    "0": {
      "mean_ndcg": 1.0,
      "std_ndcg": 0.0
    },
    "1": {
      "mean_ndcg": 0.5681801357568975,
      "std_ndcg": 0.1257069346723657
    },
    "2": {
      "mean_ndcg": 0.6115039889804453,
      "std_ndcg": 0.2742617561189485
    },
    "3": {
      "mean_ndcg": 0.5999914104258395,
      "std_ndcg": 0.3563103749916302
    },
    "4": {
      "mean_ndcg": 0.6052872229368742,
      "std_ndcg": 0.2677660870116195
    },
    "5": {
      "mean_ndcg": 0.5332631452730793,
      "std_ndcg": 0.32917294362719296
    },
    "6": {
      "mean_ndcg": 0.6356207187108022,
      "std_ndcg": 0.4568092139616978
    },
    "7": {
      "mean_ndcg": 0.42282729783115175,
      "std_ndcg": 0.24521031162235113
    },
    "8": {
      "mean_ndcg": 0.35151567234929326,
      "std_ndcg": 0.2970707075070688
    },
    "9": {
      "mean_ndcg": 0.34278242932070413,
      "std_ndcg": 0.202361550130414
    }
  },
  "num_trials": 10,
  "num_samples": 10,
  "k": 10
}