{
  "overall_avg_ndcg": 0.7246603619882781,
  "trial_avg_scores": [
    0.731881255646998,
    0.7351115894139333,
    0.7351115894139333,
    0.730260181746521,
    0.7351115894139333,
    0.7118559360971916,
    0.7118559360971916,
    0.7087913740845396,
    0.7333247437591728,
    0.7132994242093663
  ],
  "sample_stats": {
    "0": {
      "mean_ndcg": 0.5917524868113692,
      "std_ndcg": 0.3335235346903252
    },
    "1": {
      "mean_ndcg": 0.9301029995663981,
      "std_ndcg": 0.20969100130080562
    },
    "2": {
      "mean_ndcg": 0.8630929753571458,
      "std_ndcg": 0.3080223227029551
    },
    "3": {
      "mean_ndcg": 0.6356207187108023,
      "std_ndcg": 0.45680921396169777
    },
    "4": {
      "mean_ndcg": 0.7261859507142916,
      "std_ndcg": 0.3902158835484899
    },
    "5": {
      "mean_ndcg": 0.6516765608811647,
      "std_ndcg": 0.3645580123278217
    },
    "6": {
      "mean_ndcg": 0.8404635368040541,
      "std_ndcg": 0.25171272830360314
    },
    "7": {
      "mean_ndcg": 0.6705665363704523,
      "std_ndcg": 0.3593614898904775
    },
    "8": {
      "mean_ndcg": 0.6194600553738514,
      "std_ndcg": 0.3436426239863966
    },
    "9": {
      "mean_ndcg": 0.7176817992932515,
      "std_ndcg": 0.3632920358974767
    }
  },
  "num_trials": 10,
  "num_samples": 10,
  "k": 10
}