{
  "overall_avg_ndcg": 0.5852942885708269,
  "trial_avg_scores": [
    0.5653717711604541,
    0.6022787958033083,
    0.6031226930686024,
    0.5988616141213412,
    0.53611266885935,
    0.5969268484131875,
    0.6045661811807773,
    0.5707323081247354,
    0.6022787958033083,
    0.53611266885935,
    0.5730196935022043,
    0.6015016191681253,
    0.6000581310559505,
    0.5676677461120836,
    0.6000581310559505,
    0.6019261761339931,
    0.6045661811807772,
    0.5707323081247355,
    0.6281207164224452,
    0.6045661811807772,
    0.5730196935022043,
    0.5760842555148563,
    0.53611266885935,
    0.6045661811807773,
    0.5623072091478021,
    0.6311852784350972,
    0.5978519451017638,
    0.5623072091478021,
    0.5699551314895523,
    0.5627317661136699,
    0.5977707456784817,
    0.5988616141213411,
    0.5707323081247354,
    0.5992142337906564,
    0.6063530268355377,
    0.6045661811807773,
    0.6040656414580687,
    0.5699551314895525,
    0.5707323081247355,
    0.6040656414580688,
    0.5676677461120836,
    0.5307607214692293,
    0.567659156537923,
    0.6045661811807772,
    0.5699551314895525,
    0.5699551314895523,
    0.5707323081247354,
    0.6049907381466452,
    0.5988616141213411,
    0.5730196935022044,
    0.5992142337906564,
    0.5730196935022044,
    0.5707323081247354,
    0.6000581310559505,
    0.5699551314895523,
    0.6040656414580688,
    0.5965742287438722,
    0.5707323081247354,
    0.5730196935022044,
    0.5699551314895523,
    0.6045661811807772,
    0.5699551314895523,
    0.6063530268355377,
    0.592499997711643,
    0.5992142337906564,
    0.5730196935022043,
    0.5996387907565242,
    0.5676677461120836,
    0.6045661811807772,
    0.6045661811807772,
    0.6040656414580687,
    0.5676677461120836,
    0.6045661811807772,
    0.6040656414580687,
    0.5596672041010181,
    0.5730196935022043,
    0.6015016191681253,
    0.5730196935022043,
    0.5666580770925062,
    0.5965742287438722,
    0.5707323081247354,
    0.5676677461120836,
    0.5676677461120836,
    0.5730196935022043,
    0.5992142337906564,
    0.5955645597242949,
    0.6032884648228858,
    0.5730196935022043,
    0.5996387907565243,
    0.6019261761339931,
    0.6022787958033085,
    0.5760842555148563,
    0.5965742287438722,
    0.5988616141213411,
    0.5707323081247354,
    0.5988616141213412,
    0.5676677461120835,
    0.5988616141213411,
    0.5707323081247354,
    0.5676677461120836
  ],
  "sample_stats": {
    "0": {
      "mean_ndcg": 0.5107045135117828,
      "std_ndcg": 0.40066678379739956
    },
    "1": {
      "mean_ndcg": 0.5613855193812477,
      "std_ndcg": 0.36948917549109717
    },
    "2": {
      "mean_ndcg": 0.5731143143759455,
      "std_ndcg": 0.3650887148557169
    },
    "3": {
      "mean_ndcg": 0.6117042481342388,
      "std_ndcg": 0.368942900142128
    },
    "4": {
      "mean_ndcg": 0.635895482504787,
      "std_ndcg": 0.3613839898703594
    },
    "5": {
      "mean_ndcg": 0.638877263401572,
      "std_ndcg": 0.33038749023332326
    },
    "6": {
      "mean_ndcg": 0.5719683795606223,
      "std_ndcg": 0.3774839401457473
    },
    "7": {
      "mean_ndcg": 0.5455213416102532,
      "std_ndcg": 0.36440272593062767
    },
    "8": {
      "mean_ndcg": 0.5690308611480486,
      "std_ndcg": 0.3681538666775966
    },
    "9": {
      "mean_ndcg": 0.634740962079771,
      "std_ndcg": 0.34759765915735974
    }
  },
  "num_trials": 100,
  "num_samples": 10,
  "k": 10
}