{
  "overall_avg_ndcg": 0.5696825932806945,
  "trial_avg_scores": [
    0.5727742326393318,
    0.5768484636715611,
    0.5548743252324331,
    0.581493422486753,
    0.5525869398549641,
    0.5525869398549641,
    0.5837808078642218,
    0.5837808078642219,
    0.5525869398549641,
    0.5508000942002036,
    0.5768484636715611,
    0.581493422486753,
    0.5745610782940922,
    0.5479419810397723,
    0.5768484636715611,
    0.5768484636715611,
    0.5768484636715611,
    0.5525869398549641,
    0.5837808078642218,
    0.5837808078642218
  ],
  "sample_stats": {
    "0": {
      "mean_ndcg": 0.4598560322732106,
      "std_ndcg": 0.36078768287816204
    },
    "1": {
      "mean_ndcg": 0.6712657242854686,
      "std_ndcg": 0.3261251501252711
    },
    "2": {
      "mean_ndcg": 0.6291056818915236,
      "std_ndcg": 0.219594741938509
    },
    "3": {
      "mean_ndcg": 0.5257047709828268,
      "std_ndcg": 0.2925764943281941
    },
    "4": {
      "mean_ndcg": 0.6590381043161601,
      "std_ndcg": 0.31157620700446415
    },
    "5": {
      "mean_ndcg": 0.5189963100696927,
      "std_ndcg": 0.3925576122427917
    },
    "6": {
      "mean_ndcg": 0.6290618890223334,
      "std_ndcg": 0.26156051950513576
    },
    "7": {
      "mean_ndcg": 0.4849580597394502,
      "std_ndcg": 0.3942934973304702
    },
    "8": {
      "mean_ndcg": 0.5927838267594912,
      "std_ndcg": 0.36924061124294705
    },
    "9": {
      "mean_ndcg": 0.5260555334667877,
      "std_ndcg": 0.31636511883863383
    }
  },
  "num_trials": 20,
  "num_samples": 10,
  "k": 10
}