{
  "overall_avg_ndcg": 0.551958040547589,
  "trial_avg_scores": [
    0.5778266255519573,
    0.5519847049328205,
    0.5517782560805999,
    0.5120217078514748,
    0.5489201429201686,
    0.5448459118879392,
    0.5519847049328205,
    0.5505005397227084,
    0.573752394519728,
    0.5558524871128292,
    0.5945377678362835,
    0.5822534762535019,
    0.5448459118879392,
    0.5517782560805999,
    0.5243059994342564,
    0.5489201429201686,
    0.5558524871128293,
    0.5535651017353603,
    0.5434024237757644,
    0.520231768402027
  ],
  "sample_stats": {
    "0": {
      "mean_ndcg": 0.6,
      "std_ndcg": 0.48989794855663565
    },
    "1": {
      "mean_ndcg": 0.4886852807234542,
      "std_ndcg": 0.4755546297227726
    },
    "2": {
      "mean_ndcg": 0.47963570901554753,
      "std_ndcg": 0.4105340977264709
    },
    "3": {
      "mean_ndcg": 0.6686994873957011,
      "std_ndcg": 0.3893837915680401
    },
    "4": {
      "mean_ndcg": 0.6393574992174555,
      "std_ndcg": 0.4164214290477134
    },
    "5": {
      "mean_ndcg": 0.5471403238559921,
      "std_ndcg": 0.3111170437818467
    },
    "6": {
      "mean_ndcg": 0.49915036442485194,
      "std_ndcg": 0.31430017164965657
    },
    "7": {
      "mean_ndcg": 0.3660450631440431,
      "std_ndcg": 0.19181141204496113
    },
    "8": {
      "mean_ndcg": 0.6717798029779436,
      "std_ndcg": 0.3764526020926569
    },
    "9": {
      "mean_ndcg": 0.5590868747208997,
      "std_ndcg": 0.3459429882714824
    }
  },
  "num_trials": 20,
  "num_samples": 10,
  "k": 10
}