{
  "strategy_name": "best_058",
  "overall_avg_ndcg": 0.6033217849729188,
  "trial_avg_scores": [
    0.5959839000237211,
    0.5945404119115464,
    0.5965742287438723,
    0.5942868433664034,
    0.5977707456784817,
    0.5992142337906564,
    0.5992142337906563,
    0.6008353076911336,
    0.6316046187345233,
    0.6231933259981922
  ],
  "sample_stats": {
    "0": {
      "mean_ndcg": 0.5539025137790485,
      "std_ndcg": 0.30649018595161814
    },
    "1": {
      "mean_ndcg": 0.5946302009089891,
      "std_ndcg": 0.4201440626642734
    },
    "2": {
      "mean_ndcg": 0.7045747707549377,
      "std_ndcg": 0.37424886847687316
    },
    "3": {
      "mean_ndcg": 0.7635935150798542,
      "std_ndcg": 0.30080467931294236
    },
    "4": {
      "mean_ndcg": 0.42624408177024203,
      "std_ndcg": 0.29131540091717395
    },
    "5": {
      "mean_ndcg": 0.47480653915696475,
      "std_ndcg": 0.3687328190023865
    },
    "6": {
      "mean_ndcg": 0.8276201766997368,
      "std_ndcg": 0.27549279829031925
    },
    "7": {
      "mean_ndcg": 0.43389200411199236,
      "std_ndcg": 0.20864880809754957
    },
    "8": {
      "mean_ndcg": 0.42862125614515356,
      "std_ndcg": 0.2540500486454643
    },
    "9": {
      "mean_ndcg": 0.8253327913222679,
      "std_ndcg": 0.2794637319132807
    }
  },
  "num_trials": 10,
  "num_samples": 10,
  "k": 10
}