{
  "strategy_name": "expert_instruction_id_first_plain",
  "overall_avg_ndcg": 0.5703176174886605,
  "trial_avg_scores": [
    0.6120131182773143,
    0.5755751262179873,
    0.578170655647112,
    0.6315378981044124,
    0.5346339672562455,
    0.5186859484259345,
    0.5697541462443392,
    0.5663954933611994,
    0.5720415316218082,
    0.5443682897302514
  ],
  "sample_stats": {
    "0": {
      "mean_ndcg": 0.8892789260714373,
      "std_ndcg": 0.1691292341014801
    },
    "1": {
      "mean_ndcg": 0.6136780311309683,
      "std_ndcg": 0.23368671795558704
    },
    "2": {
      "mean_ndcg": 0.5910096368471116,
      "std_ndcg": 0.31409413439145534
    },
    "3": {
      "mean_ndcg": 0.4689454624699749,
      "std_ndcg": 0.30139077004138265
    },
    "4": {
      "mean_ndcg": 0.5280775500218373,
      "std_ndcg": 0.32920863657527893
    },
    "5": {
      "mean_ndcg": 0.6981600891534196,
      "std_ndcg": 0.34509569375819626
    },
    "6": {
      "mean_ndcg": 0.31409951840957007,
      "std_ndcg": 0.2698613860831366
    },
    "7": {
      "mean_ndcg": 0.6843398763857577,
      "std_ndcg": 0.2728854786702631
    },
    "8": {
      "mean_ndcg": 0.4276875698824168,
      "std_ndcg": 0.25420131381697114
    },
    "9": {
      "mean_ndcg": 0.4878995145141104,
      "std_ndcg": 0.2969283424779963
    }
  },
  "num_trials": 10,
  "num_samples": 10,
  "k": 10
}