{
  "strategy_name": "expert_instruction_id_first_plain",
  "overall_avg_ndcg": 0.5558266823108299,
  "trial_avg_scores": [
    0.541615578121004,
    0.6176677461120834,
    0.4946308734615581,
    0.47867119536982045,
    0.5199605950965598,
    0.5715409918990997,
    0.5702231788278664,
    0.5797510524496519,
    0.5789879289956368,
    0.6052176827750186
  ],
  "sample_stats": {
    "0": {
      "mean_ndcg": 1.0,
      "std_ndcg": 0.0
    },
    "1": {
      "mean_ndcg": 0.5455678763521269,
      "std_ndcg": 0.20925369393580473
    },
    "2": {
      "mean_ndcg": 0.6246055539117517,
      "std_ndcg": 0.2649874228092404
    },
    "3": {
      "mean_ndcg": 0.5333161541850122,
      "std_ndcg": 0.29520980163792254
    },
    "4": {
      "mean_ndcg": 0.6376985292688974,
      "std_ndcg": 0.26172170981206067
    },
    "5": {
      "mean_ndcg": 0.51409951840957,
      "std_ndcg": 0.3273917536146622
    },
    "6": {
      "mean_ndcg": 0.5987136940679479,
      "std_ndcg": 0.4404968830132928
    },
    "7": {
      "mean_ndcg": 0.3453464516106476,
      "std_ndcg": 0.2963242800420229
    },
    "8": {
      "mean_ndcg": 0.32888077018919415,
      "std_ndcg": 0.11963469787212366
    },
    "9": {
      "mean_ndcg": 0.4300382751131515,
      "std_ndcg": 0.24154893714397732
    }
  },
  "num_trials": 10,
  "num_samples": 10,
  "k": 10
}