{
  "overall_avg_ndcg": 0.6658290143175389,
  "trial_avg_scores": [
    0.7004919501485479,
    0.7004919501485479,
    0.630594949714946,
    0.650491950148548,
    0.7004919501485479,
    0.6964177191163186,
    0.6907131520568826,
    0.6464177191163186,
    0.7004919501485479,
    0.6263338707676847,
    0.6933531571036666,
    0.6148712314377457,
    0.6919096689914919,
    0.628973875814469,
    0.647427388135896,
    0.7004919501485479,
    0.695140002758427,
    0.6361126688593501,
    0.6504919501485479,
    0.6148712314377457
  ],
  "sample_stats": {
    "0": {
      "mean_ndcg": 0.8261859507142916,
      "std_ndcg": 0.3114983878460213
    },
    "1": {
      "mean_ndcg": 0.6200934499457897,
      "std_ndcg": 0.40850816907506365
    },
    "2": {
      "mean_ndcg": 0.678681319787614,
      "std_ndcg": 0.3382267963975976
    },
    "3": {
      "mean_ndcg": 0.6880421277574282,
      "std_ndcg": 0.40964781896406205
    },
    "4": {
      "mean_ndcg": 0.6145249011457112,
      "std_ndcg": 0.3285042163796116
    },
    "5": {
      "mean_ndcg": 0.6784644102413153,
      "std_ndcg": 0.323302768585127
    },
    "6": {
      "mean_ndcg": 0.6730299132503375,
      "std_ndcg": 0.32359534204768453
    },
    "7": {
      "mean_ndcg": 0.6372606563351648,
      "std_ndcg": 0.32075791567136014
    },
    "8": {
      "mean_ndcg": 0.6466679889776727,
      "std_ndcg": 0.29695075004237637
    },
    "9": {
      "mean_ndcg": 0.5953394250200638,
      "std_ndcg": 0.33630335711723014
    }
  },
  "num_trials": 20,
  "num_samples": 10,
  "k": 10
}