{
  "overall_avg_ndcg": 0.5910785439053533,
  "trial_avg_scores": [
    0.5835311926113934,
    0.6105696301651395,
    0.5804666305987414,
    0.5804666305987414,
    0.6093731132305302,
    0.6124376752431822,
    0.5335311926113934,
    0.6105696301651395,
    0.6093731132305302,
    0.5804666305987414
  ],
  "sample_stats": {
    "0": {
      "mean_ndcg": 0.6817529365307935,
      "std_ndcg": 0.4107635241176594
    },
    "1": {
      "mean_ndcg": 0.4137554883144154,
      "std_ndcg": 0.3560256931947786
    },
    "2": {
      "mean_ndcg": 0.6862832316680718,
      "std_ndcg": 0.31598155781139753
    },
    "3": {
      "mean_ndcg": 0.6364940594246101,
      "std_ndcg": 0.29707084898589103
    },
    "4": {
      "mean_ndcg": 0.51138138362677,
      "std_ndcg": 0.3393166298120844
    },
    "5": {
      "mean_ndcg": 0.5516765608811647,
      "std_ndcg": 0.3914560722848033
    },
    "6": {
      "mean_ndcg": 0.49484591188793925,
      "std_ndcg": 0.39172502868196574
    },
    "7": {
      "mean_ndcg": 0.6536372859724788,
      "std_ndcg": 0.2939009435263963
    },
    "8": {
      "mean_ndcg": 0.5760842555148563,
      "std_ndcg": 0.38801229471481674
    },
    "9": {
      "mean_ndcg": 0.704874325232433,
      "std_ndcg": 0.33764366157030945
    }
  },
  "num_trials": 10,
  "num_samples": 10,
  "k": 10
}