{
  "overall_avg_ndcg": 0.6113156734711679,
  "trial_avg_scores": [
    0.6022702062291478,
    0.6053347682417998,
    0.6022702062291478,
    0.5992056442164959,
    0.6391772308720021,
    0.6053347682417998,
    0.642241792884654,
    0.6022702062291478,
    0.6053347682417998,
    0.6097171433256848
  ],
  "sample_stats": {
    "0": {
      "mean_ndcg": 0.5803361082234744,
      "std_ndcg": 0.2383823791679544
    },
    "1": {
      "mean_ndcg": 0.5279642067948915,
      "std_ndcg": 0.39451363978003057
    },
    "2": {
      "mean_ndcg": 0.5035565121611999,
      "std_ndcg": 0.3949383860065321
    },
    "3": {
      "mean_ndcg": 0.6117049742256585,
      "std_ndcg": 0.3477527725616166
    },
    "4": {
      "mean_ndcg": 0.6165477923189104,
      "std_ndcg": 0.26839091708898216
    },
    "5": {
      "mean_ndcg": 0.6361126688593501,
      "std_ndcg": 0.33958410560712243
    },
    "6": {
      "mean_ndcg": 0.5040484623097476,
      "std_ndcg": 0.25049745223093484
    },
    "7": {
      "mean_ndcg": 0.550180680129739,
      "std_ndcg": 0.18692358958185706
    },
    "8": {
      "mean_ndcg": 0.644020048965254,
      "std_ndcg": 0.2540116542590362
    },
    "9": {
      "mean_ndcg": 0.9386852807234541,
      "std_ndcg": 0.18394415782963752
    }
  },
  "num_trials": 10,
  "num_samples": 10,
  "k": 10
}