{
  "overall_avg_ndcg": 0.5927393582191172,
  "trial_avg_scores": [
    0.5804666305987414,
    0.5962801378733844,
    0.6173736552415956,
    0.6124376752431822,
    0.5835311926113934,
    0.6124376752431822,
    0.5804666305987414,
    0.5804666305987414,
    0.5835311926113934,
    0.6105696301651395,
    0.5804666305987414,
    0.5804666305987414,
    0.5804666305987414,
    0.6124376752431822,
    0.5804666305987414,
    0.5804666305987414,
    0.6105696301651395,
    0.5835311926113934,
    0.5804666305987414,
    0.5781792452212725,
    0.6124376752431822,
    0.5804666305987414,
    0.5804666305987414,
    0.5804666305987415,
    0.6124376752431822,
    0.5804666305987415,
    0.6204382172542476,
    0.6105696301651395,
    0.5835311926113934,
    0.5835311926113934,
    0.6173736552415956,
    0.6124376752431822,
    0.5804666305987414,
    0.5804666305987414,
    0.6093731132305302,
    0.6093731132305302,
    0.5435596059558871,
    0.5804666305987414,
    0.6093731132305302,
    0.5804666305987414,
    0.6093731132305302,
    0.5235342864060808,
    0.5804666305987414,
    0.6493446998860364,
    0.5835311926113934,
    0.6093731132305302,
    0.5804666305987414,
    0.5804666305987414,
    0.6173736552415956,
    0.572466088587676,
    0.5804666305987414,
    0.5804666305987414,
    0.5804666305987415,
    0.6093731132305302,
    0.6093731132305302,
    0.6173736552415956,
    0.6105696301651395,
    0.6462801378733845,
    0.6093731132305302,
    0.6105696301651397,
    0.5804666305987414,
    0.6093731132305302,
    0.6093731132305302,
    0.5804666305987414,
    0.5804666305987414,
    0.5804666305987415,
    0.6462801378733845,
    0.6136341921777915,
    0.5265988484187327,
    0.5835311926113934,
    0.5804666305987414,
    0.6173736552415956,
    0.6093731132305302,
    0.6124376752431822,
    0.5804666305987414,
    0.5804666305987414,
    0.5804666305987414,
    0.6493446998860364,
    0.5835311926113934,
    0.5804666305987414,
    0.5804666305987414,
    0.5804666305987414,
    0.5804666305987414,
    0.5781792452212725,
    0.5804666305987414,
    0.6093731132305302,
    0.6093731132305302,
    0.5804666305987414,
    0.5804666305987414,
    0.6124376752431822,
    0.5435596059558871,
    0.6462801378733845,
    0.5835311926113934,
    0.5804666305987414,
    0.5804666305987415,
    0.5804666305987414,
    0.5804666305987415,
    0.5835311926113934,
    0.5804666305987414,
    0.5835311926113934
  ],
  "sample_stats": {
    "0": {
      "mean_ndcg": 0.467157672569652,
      "std_ndcg": 0.3717108141889767
    },
    "1": {
      "mean_ndcg": 0.6060359558463368,
      "std_ndcg": 0.38929531321872496
    },
    "2": {
      "mean_ndcg": 0.5722999303654455,
      "std_ndcg": 0.37607817274855504
    },
    "3": {
      "mean_ndcg": 0.6227233758684947,
      "std_ndcg": 0.3717023211551526
    },
    "4": {
      "mean_ndcg": 0.6877236940931988,
      "std_ndcg": 0.36679957587259615
    },
    "5": {
      "mean_ndcg": 0.637388061766974,
      "std_ndcg": 0.3673363860075366
    },
    "6": {
      "mean_ndcg": 0.5680233672374405,
      "std_ndcg": 0.3591792032647403
    },
    "7": {
      "mean_ndcg": 0.6408268014706254,
      "std_ndcg": 0.3800617213984875
    },
    "8": {
      "mean_ndcg": 0.6050663586639735,
      "std_ndcg": 0.37158105666375213
    },
    "9": {
      "mean_ndcg": 0.5201483643090283,
      "std_ndcg": 0.3522944728375236
    }
  },
  "num_trials": 100,
  "num_samples": 10,
  "k": 10
}