{
  "strategy_name": "expert_instruction_id_first_plain",
  "overall_avg_ndcg": 0.586930092431093,
  "trial_avg_scores": [
    0.6043737855097245,
    0.535911683614137,
    0.5692536065216308,
    0.6034308371202582,
    0.615894953638491,
    0.5751060936344601,
    0.5697541462443392,
    0.6251146832086206,
    0.5620131182773143,
    0.6084480165419539
  ],
  "sample_stats": {
    "0": {
      "mean_ndcg": 0.8666666666666666,
      "std_ndcg": 0.26666666666666666,
      "scores": [
        1.0,
        1.0,
        0.3333333333333333,
        1.0,
        0.3333333333333333,
        1.0,
        1.0,
        1.0,
        1.0,
        1.0
      ]
    },
    "1": {
      "mean_ndcg": 0.8523719014285831,
      "std_ndcg": 0.18080675659863496,
      "scores": [
        1.0,
        0.6309297535714575,
        1.0,
        1.0,
        1.0,
        0.6309297535714575,
        0.6309297535714575,
        1.0,
        0.6309297535714575,
        1.0
      ]
    },
    "2": {
      "mean_ndcg": 0.789622283614023,
      "std_ndcg": 0.27619583079507243,
      "scores": [
        1.0,
        1.0,
        0.6309297535714575,
        0.3010299956639812,
        1.0,
        0.6309297535714575,
        1.0,
        0.3333333333333333,
        1.0,
        1.0
      ]
    },
    "3": {
      "mean_ndcg": 0.6726122594047705,
      "std_ndcg": 0.2884821451926544,
      "scores": [
        0.6309297535714575,
        0.6309297535714575,
        1.0,
        1.0,
        1.0,
        0.31546487678572877,
        0.3333333333333333,
        0.5,
        0.31546487678572877,
        1.0
      ]
    },
    "4": {
      "mean_ndcg": 0.5176646201449304,
      "std_ndcg": 0.1988352222827223,
      "scores": [
        0.43067655807339306,
        0.31546487678572877,
        0.6309297535714575,
        0.43067655807339306,
        0.6309297535714575,
        0.38685280723454163,
        0.6309297535714575,
        1.0,
        0.38685280723454163,
        0.3333333333333333
      ]
    },
    "5": {
      "mean_ndcg": 0.4887222514696427,
      "std_ndcg": 0.29600205138309227,
      "scores": [
        0.31546487678572877,
        0.6309297535714575,
        0.3333333333333333,
        0.31546487678572877,
        0.43067655807339306,
        1.0,
        1.0,
        0.0,
        0.43067655807339306,
        0.43067655807339306
      ]
    },
    "6": {
      "mean_ndcg": 0.49535504118480816,
      "std_ndcg": 0.3648043190220678,
      "scores": [
        1.0,
        0.43067655807339306,
        0.3333333333333333,
        1.0,
        0.3333333333333333,
        0.0,
        0.3562071871080222,
        1.0,
        0.5,
        0.0
      ]
    },
    "7": {
      "mean_ndcg": 0.37990995599694694,
      "std_ndcg": 0.26196625923265826,
      "scores": [
        0.3333333333333333,
        0.38685280723454163,
        1.0,
        0.0,
        0.43067655807339306,
        0.43067655807339306,
        0.43067655807339306,
        0.43067655807339306,
        0.0,
        0.3562071871080222
      ]
    },
    "8": {
      "mean_ndcg": 0.3130227872968917,
      "std_ndcg": 0.3137471399689186,
      "scores": [
        0.0,
        0.0,
        0.43067655807339306,
        0.3562071871080222,
        0.0,
        1.0,
        0.0,
        0.3562071871080222,
        0.3562071871080222,
        0.6309297535714575
      ]
    },
    "9": {
      "mean_ndcg": 0.4933531571036666,
      "std_ndcg": 0.30362910163686657,
      "scores": [
        0.3333333333333333,
        0.3333333333333333,
        0.0,
        0.6309297535714575,
        1.0,
        0.3562071871080222,
        0.31546487678572877,
        0.6309297535714575,
        1.0,
        0.3333333333333333
      ]
    }
  },
  "num_trials": 10,
  "num_samples": 10,
  "k": 10
}