{
  "strategy_name": "expert_instruction_id_first_plain",
  "overall_avg_ndcg": 0.5915512174211186,
  "trial_avg_scores": [
    0.5908068943466398,
    0.5908068943466398,
    0.5908068943466398,
    0.5890200486918793,
    0.5890200486918793,
    0.5948459118879392,
    0.5890200486918793,
    0.5908068943466398,
    0.5951892694305249,
    0.5951892694305249
  ],
  "sample_stats": {
    "0": {
      "mean_ndcg": 0.6723533820252127,
      "std_ndcg": 0.3286286268128627
    },
    "1": {
      "mean_ndcg": 0.642456831311035,
      "std_ndcg": 0.2946270339257132
    },
    "2": {
      "mean_ndcg": 0.46521458898033136,
      "std_ndcg": 0.3723137524770333
    },
    "3": {
      "mean_ndcg": 0.5836681013017585,
      "std_ndcg": 0.35975252988398154
    },
    "4": {
      "mean_ndcg": 0.6773705614469083,
      "std_ndcg": 0.34799445595892653
    },
    "5": {
      "mean_ndcg": 0.6704382172542476,
      "std_ndcg": 0.3521247584385253
    },
    "6": {
      "mean_ndcg": 0.5209098939130379,
      "std_ndcg": 0.3358851352554309
    },
    "7": {
      "mean_ndcg": 0.44175248681136914,
      "std_ndcg": 0.3974045305509311
    },
    "8": {
      "mean_ndcg": 0.5875765605797045,
      "std_ndcg": 0.357503309087154
    },
    "9": {
      "mean_ndcg": 0.653771550587581,
      "std_ndcg": 0.28665854149818165
    }
  },
  "num_trials": 10,
  "num_samples": 10,
  "k": 10
}