{
  "overall_avg_ndcg": 0.7141734436771017,
  "trial_avg_scores": [
    0.7577231762661348,
    0.697694762921641,
    0.697694762921641,
    0.747694762921641,
    0.7157237182772003,
    0.7464982459870317,
    0.6964982459870317,
    0.6687882802898523,
    0.7446302009089891,
    0.747694762921641,
    0.747694762921641,
    0.664527201342591,
    0.7464982459870317,
    0.6687882802898523,
    0.697694762921641,
    0.7187882802898523,
    0.7446302009089891,
    0.7107877382787868,
    0.697694762921641,
    0.6657237182772003
  ],
  "sample_stats": {
    "0": {
      "mean_ndcg": 0.8531385220393485,
      "std_ndcg": 0.257484165240797
    },
    "1": {
      "mean_ndcg": 0.7903423693561944,
      "std_ndcg": 0.30728363983703344
    },
    "2": {
      "mean_ndcg": 0.7553938691393934,
      "std_ndcg": 0.3577364274045189
    },
    "3": {
      "mean_ndcg": 0.6723589988499243,
      "std_ndcg": 0.30394756300067843
    },
    "4": {
      "mean_ndcg": 0.751819841553588,
      "std_ndcg": 0.34789201925895485
    },
    "5": {
      "mean_ndcg": 0.6633745828034115,
      "std_ndcg": 0.3117210253014774
    },
    "6": {
      "mean_ndcg": 0.6049583635929365,
      "std_ndcg": 0.33827613376341764
    },
    "7": {
      "mean_ndcg": 0.6726947629216411,
      "std_ndcg": 0.3425857828262673
    },
    "8": {
      "mean_ndcg": 0.7197962628555702,
      "std_ndcg": 0.313962708696756
    },
    "9": {
      "mean_ndcg": 0.6578568636590074,
      "std_ndcg": 0.3175432749650722
    }
  },
  "num_trials": 20,
  "num_samples": 10,
  "k": 10
}