{
  "strategy_name": "expert_instruction_id_first_plain",
  "overall_avg_ndcg": 0.5895071913630112,
  "trial_avg_scores": [
    0.5772010833408763,
    0.568436333173106,
    0.6097257328998456,
    0.5859202731882974,
    0.5615125785546058,
    0.6097257328998456,
    0.6653803607346147,
    0.5728187082569911,
    0.5630757962088248,
    0.5812753143731056
  ],
  "sample_stats": {
    "0": {
      "mean_ndcg": 0.7946394630357186,
      "std_ndcg": 0.3439580905125249
    },
    "1": {
      "mean_ndcg": 0.7857052347619163,
      "std_ndcg": 0.23023322252778614
    },
    "2": {
      "mean_ndcg": 0.6323465818787766,
      "std_ndcg": 0.2672846229573964
    },
    "3": {
      "mean_ndcg": 0.5359202731882975,
      "std_ndcg": 0.3649306558289469
    },
    "4": {
      "mean_ndcg": 0.5368898454945332,
      "std_ndcg": 0.2500045537590816
    },
    "5": {
      "mean_ndcg": 0.5808795283031827,
      "std_ndcg": 0.27533352003482986
    },
    "6": {
      "mean_ndcg": 0.5896918237758785,
      "std_ndcg": 0.3144924517187406
    },
    "7": {
      "mean_ndcg": 0.6025869398549641,
      "std_ndcg": 0.38231242666578785
    },
    "8": {
      "mean_ndcg": 0.3630929753571458,
      "std_ndcg": 0.37590432289853026
    },
    "9": {
      "mean_ndcg": 0.4733192479796996,
      "std_ndcg": 0.20955022173275992
    }
  },
  "num_trials": 10,
  "num_samples": 10,
  "k": 10
}