{
  "strategy_name": "expert_instruction_id_first_plain",
  "overall_avg_ndcg": 0.5866034956883983,
  "trial_avg_scores": [
    0.568436333173106,
    0.6137999639320748,
    0.5717333875701522,
    0.6040656414580687,
    0.5817529365307934,
    0.5746055539117517,
    0.607938887245085,
    0.5713259534727186,
    0.6010010794454168,
    0.5713752201448166
  ],
  "sample_stats": {
    "0": {
      "mean_ndcg": 0.7634363328997315,
      "std_ndcg": 0.3705913956754355
    },
    "1": {
      "mean_ndcg": 0.795140002758427,
      "std_ndcg": 0.26677015186772435
    },
    "2": {
      "mean_ndcg": 0.7910657717261977,
      "std_ndcg": 0.27366464066670704
    },
    "3": {
      "mean_ndcg": 0.6726122594047707,
      "std_ndcg": 0.3211316954024357
    },
    "4": {
      "mean_ndcg": 0.5214392966996645,
      "std_ndcg": 0.25295548652614946
    },
    "5": {
      "mean_ndcg": 0.4728101186828306,
      "std_ndcg": 0.2901013304145074
    },
    "6": {
      "mean_ndcg": 0.45019785927806,
      "std_ndcg": 0.2965248321493578
    },
    "7": {
      "mean_ndcg": 0.48500989421449797,
      "std_ndcg": 0.36532368932149345
    },
    "8": {
      "mean_ndcg": 0.44406873525275614,
      "std_ndcg": 0.3297838046118854
    },
    "9": {
      "mean_ndcg": 0.47025468596704767,
      "std_ndcg": 0.2538294713536118
    }
  },
  "num_trials": 10,
  "num_samples": 10,
  "k": 10
}