{
  "overall_avg_ndcg": 0.605801996511008,
  "trial_avg_scores": [
    0.6097171433256848,
    0.5647695362383105,
    0.6022702062291478,
    0.5992056442164959,
    0.5922417928846541,
    0.6053347682417998,
    0.6022702062291478,
    0.6022702062291478,
    0.5809270736081082,
    0.6053347682417998,
    0.5922417928846541,
    0.6022702062291478,
    0.6022702062291478,
    0.5922417928846541,
    0.642241792884654,
    0.6222164733348475,
    0.6391772308720021,
    0.6053347682417998,
    0.6391772308720021,
    0.599982820851679,
    0.6391772308720022,
    0.642241792884654,
    0.599982820851679,
    0.6053347682417998,
    0.6022702062291478,
    0.599982820851679,
    0.5981959751969185,
    0.6053347682417998,
    0.6391772308720021,
    0.6097171433256849,
    0.6022702062291478,
    0.6053347682417998,
    0.6022702062291477,
    0.6097171433256849,
    0.5891772308720021,
    0.6022702062291478,
    0.642241792884654,
    0.6022702062291478,
    0.642241792884654,
    0.6368898454945332,
    0.6053347682417998,
    0.6022702062291477,
    0.5891772308720021,
    0.5992056442164959,
    0.6053347682417998,
    0.6053347682417998,
    0.6022702062291477,
    0.6022702062291478,
    0.6053347682417998,
    0.6053347682417998,
    0.6053347682417998,
    0.6022702062291478,
    0.589177230872002,
    0.6022702062291478,
    0.6097171433256848,
    0.5778625115954562,
    0.6022702062291477,
    0.6022702062291478,
    0.6022702062291478,
    0.6053347682417998,
    0.6053347682417998,
    0.5992056442164959,
    0.6022702062291478,
    0.6022702062291478,
    0.599982820851679,
    0.606652581313033,
    0.6022702062291478,
    0.6053347682417998,
    0.6022702062291478,
    0.6022702062291478,
    0.6391772308720021,
    0.5992056442164959,
    0.5992056442164959,
    0.6022702062291478,
    0.6466241679685392,
    0.6022702062291477,
    0.5992056442164959,
    0.6022702062291478,
    0.6391772308720021,
    0.6022702062291478,
    0.5778625115954562,
    0.6053347682417998,
    0.5778625115954563,
    0.6022702062291478,
    0.6022702062291478,
    0.6022702062291478,
    0.602270206229148,
    0.6022702062291478,
    0.6053347682417998,
    0.6022702062291478,
    0.6053347682417998,
    0.602270206229148,
    0.6022702062291478,
    0.6097171433256849,
    0.6022702062291478,
    0.6053347682417998,
    0.6053347682417998,
    0.6022702062291478,
    0.6053347682417998,
    0.6022702062291478
  ],
  "sample_stats": {
    "0": {
      "mean_ndcg": 0.47496500371562883,
      "std_ndcg": 0.31932253181749976
    },
    "1": {
      "mean_ndcg": 0.5045582094224872,
      "std_ndcg": 0.33771843080732145
    },
    "2": {
      "mean_ndcg": 0.6024663849659277,
      "std_ndcg": 0.310929223039077
    },
    "3": {
      "mean_ndcg": 0.5625243099502597,
      "std_ndcg": 0.30946497901458664
    },
    "4": {
      "mean_ndcg": 0.6027573707560562,
      "std_ndcg": 0.3105642513391992
    },
    "5": {
      "mean_ndcg": 0.5527510625768396,
      "std_ndcg": 0.28783031849915375
    },
    "6": {
      "mean_ndcg": 0.5977262437541753,
      "std_ndcg": 0.292450041932315
    },
    "7": {
      "mean_ndcg": 0.6504423491683089,
      "std_ndcg": 0.294850961657437
    },
    "8": {
      "mean_ndcg": 0.5763213076886654,
      "std_ndcg": 0.2748339059461938
    },
    "9": {
      "mean_ndcg": 0.933507723111729,
      "std_ndcg": 0.18414980420825697
    }
  },
  "num_trials": 100,
  "num_samples": 10,
  "k": 10
}