{
  "overall_avg_ndcg": 0.7182946507908056,
  "trial_avg_scores": [
    0.731881255646998,
    0.731881255646998,
    0.6687882802898523,
    0.731881255646998,
    0.731881255646998,
    0.7622312263909616,
    0.6687882802898523,
    0.7607877382787869,
    0.6991382510338158,
    0.731881255646998,
    0.697694762921641,
    0.731881255646998,
    0.7288166936343461,
    0.6687882802898523,
    0.667591763355243,
    0.7306847387123887,
    0.7595912213441774,
    0.6687882802898523,
    0.7622312263909616,
    0.7306847387123887
  ],
  "sample_stats": {
    "0": {
      "mean_ndcg": 0.7037321673873317,
      "std_ndcg": 0.3582745685330738
    },
    "1": {
      "mean_ndcg": 0.6662314973964943,
      "std_ndcg": 0.406308085580675
    },
    "2": {
      "mean_ndcg": 0.7504536224938432,
      "std_ndcg": 0.3478733221097233
    },
    "3": {
      "mean_ndcg": 0.5988912798562505,
      "std_ndcg": 0.41763447656600167
    },
    "4": {
      "mean_ndcg": 0.6427129308031027,
      "std_ndcg": 0.38524719802043217
    },
    "5": {
      "mean_ndcg": 0.7982088595581593,
      "std_ndcg": 0.33930592547813065
    },
    "6": {
      "mean_ndcg": 0.7439177189796313,
      "std_ndcg": 0.381969265937799
    },
    "7": {
      "mean_ndcg": 0.7670374032833681,
      "std_ndcg": 0.31862146717454426
    },
    "8": {
      "mean_ndcg": 0.7527076475562565,
      "std_ndcg": 0.3452697688558962
    },
    "9": {
      "mean_ndcg": 0.7590533805936168,
      "std_ndcg": 0.3288668551188123
    }
  },
  "num_trials": 20,
  "num_samples": 10,
  "k": 10
}