{
  "overall_avg_ndcg": 0.6392766186343156,
  "trial_avg_scores": [
    0.6489201429201686,
    0.6394939644978184,
    0.6466327575426997,
    0.6484196031974602,
    0.6507069885749289,
    0.6489201429201685,
    0.6173736552415956,
    0.606160631164485,
    0.6484196031974601,
    0.6489201429201686,
    0.6105696301651395,
    0.6507069885749289,
    0.6533025180040537,
    0.6602348621967143,
    0.6417813498752873,
    0.6132994242093663,
    0.6507069885749289,
    0.6458555809075166,
    0.6445377678362834,
    0.6105696301651395
  ],
  "sample_stats": {
    "0": {
      "mean_ndcg": 0.5215338279036696,
      "std_ndcg": 0.48711044049152
    },
    "1": {
      "mean_ndcg": 0.7022830905903886,
      "std_ndcg": 0.38967819226917744
    },
    "2": {
      "mean_ndcg": 0.733146899080882,
      "std_ndcg": 0.33715519278370687
    },
    "3": {
      "mean_ndcg": 0.7443787324802863,
      "std_ndcg": 0.31447326369490497
    },
    "4": {
      "mean_ndcg": 0.6524267019221385,
      "std_ndcg": 0.36497669094058505
    },
    "5": {
      "mean_ndcg": 0.587127664081089,
      "std_ndcg": 0.3661872394827086
    },
    "6": {
      "mean_ndcg": 0.574609848698832,
      "std_ndcg": 0.3765593556797861
    },
    "7": {
      "mean_ndcg": 0.5995590010991144,
      "std_ndcg": 0.33750333410132466
    },
    "8": {
      "mean_ndcg": 0.6603310600322407,
      "std_ndcg": 0.34871741739872664
    },
    "9": {
      "mean_ndcg": 0.6173693604545154,
      "std_ndcg": 0.31397252603982917
    }
  },
  "num_trials": 20,
  "num_samples": 10,
  "k": 10
}