{
  "overall_avg_ndcg": 0.5910196091820809,
  "trial_avg_scores": [
    0.5892696639447077,
    0.5910565095994682,
    0.5923342259573597,
    0.5990484620363732,
    0.5936965146462523,
    0.5936965146462523,
    0.5621500269676795,
    0.5892696639447077,
    0.5947873830891118,
    0.5884257666794136,
    0.5936965146462523,
    0.5936965146462523,
    0.5977707456784817,
    0.600491950148548,
    0.591909668991492,
    0.5954833603010128,
    0.5954833603010128,
    0.5621500269676795,
    0.5954833603010127,
    0.600491950148548
  ],
  "sample_stats": {
    "0": {
      "mean_ndcg": 0.39506141166836567,
      "std_ndcg": 0.4008688848763374
    },
    "1": {
      "mean_ndcg": 0.6753317952189765,
      "std_ndcg": 0.31096571347531343
    },
    "2": {
      "mean_ndcg": 0.6777469609723082,
      "std_ndcg": 0.34393925536974784
    },
    "3": {
      "mean_ndcg": 0.5054694874800061,
      "std_ndcg": 0.3258503647938476
    },
    "4": {
      "mean_ndcg": 0.5129503621138283,
      "std_ndcg": 0.3697137177334912
    },
    "5": {
      "mean_ndcg": 0.5796572922158515,
      "std_ndcg": 0.3645984006719489
    },
    "6": {
      "mean_ndcg": 0.6939467845076066,
      "std_ndcg": 0.3334952138159457
    },
    "7": {
      "mean_ndcg": 0.657816600223651,
      "std_ndcg": 0.35687839469137117
    },
    "8": {
      "mean_ndcg": 0.5814038744352553,
      "std_ndcg": 0.3492400413333599
    },
    "9": {
      "mean_ndcg": 0.6308115229849602,
      "std_ndcg": 0.363303083378981
    }
  },
  "num_trials": 20,
  "num_samples": 10,
  "k": 10
}