{
  "overall_avg_ndcg": 0.6021282849383153,
  "trial_avg_scores": [
    0.5996387907565242,
    0.5965742287438722,
    0.6000581310559505,
    0.5965742287438722,
    0.625480711375661,
    0.5945404119115465,
    0.5942868433664034,
    0.5976049739241984,
    0.5992142337906564,
    0.6008353076911336,
    0.5996387907565243,
    0.5977707456784817,
    0.6000581310559505,
    0.5996387907565242,
    0.5996387907565242,
    0.6254807113756611,
    0.5992142337906564,
    0.6281207164224452,
    0.5965742287438722,
    0.5933438949769371,
    0.6000581310559505,
    0.5977707456784815,
    0.596408456989589,
    0.5977707456784817,
    0.6008353076911336,
    0.6297417903229223,
    0.6008353076911336,
    0.6008353076911337,
    0.5945404119115464,
    0.5977707456784815,
    0.5996387907565243,
    0.5977707456784817,
    0.5969268484131874,
    0.6008353076911337,
    0.6297417903229223,
    0.5973514053790553,
    0.5974273881358959,
    0.5933438949769372,
    0.5977707456784817,
    0.5965742287438722,
    0.5988616141213412,
    0.5996387907565243,
    0.6031226930686026,
    0.5965742287438723,
    0.5977707456784817,
    0.6008353076911336,
    0.5977707456784817,
    0.6281207164224452,
    0.5977707456784815,
    0.5977707456784817,
    0.5977707456784817,
    0.6008353076911337,
    0.5990484620363732,
    0.628545273388313,
    0.6000581310559505,
    0.6008353076911337,
    0.6278737452448798,
    0.5977707456784815,
    0.5965742287438722,
    0.5676677461120836,
    0.5996387907565243,
    0.5978519451017638,
    0.5977707456784817,
    0.5921473780423278,
    0.5936965146462523,
    0.5992142337906564,
    0.5977707456784817,
    0.6234468945433351,
    0.5941210716121201,
    0.6000581310559505,
    0.5977707456784817,
    0.6015016191681253,
    0.6008353076911336,
    0.5992142337906564,
    0.6015016191681253,
    0.6000581310559505,
    0.5965742287438723,
    0.5910565095994682,
    0.6293172333570545,
    0.6254807113756611,
    0.5996387907565242,
    0.5996387907565242,
    0.6008353076911336,
    0.5977707456784817,
    0.5977707456784817,
    0.5965742287438723,
    0.5977707456784817,
    0.6031226930686024,
    0.6008353076911336,
    0.5992142337906564,
    0.6297417903229224,
    0.6008353076911337,
    0.6031226930686024,
    0.5992142337906564,
    0.5996387907565243,
    0.6266772283102704,
    0.6000581310559505,
    0.5992142337906564,
    0.6243898429328015,
    0.5942868433664035
  ],
  "sample_stats": {
    "0": {
      "mean_ndcg": 0.5821110031362892,
      "std_ndcg": 0.392053261180114
    },
    "1": {
      "mean_ndcg": 0.6180533499183165,
      "std_ndcg": 0.3758087703301993
    },
    "2": {
      "mean_ndcg": 0.5737483581593503,
      "std_ndcg": 0.34727597975987023
    },
    "3": {
      "mean_ndcg": 0.6478118136025998,
      "std_ndcg": 0.34877734097347285
    },
    "4": {
      "mean_ndcg": 0.5850976113671169,
      "std_ndcg": 0.3728512349533797
    },
    "5": {
      "mean_ndcg": 0.5707407618890951,
      "std_ndcg": 0.32452275619955284
    },
    "6": {
      "mean_ndcg": 0.5748801508694698,
      "std_ndcg": 0.3291789441494349
    },
    "7": {
      "mean_ndcg": 0.5983316844573473,
      "std_ndcg": 0.34451496001255333
    },
    "8": {
      "mean_ndcg": 0.6559286826134332,
      "std_ndcg": 0.3224130632811729
    },
    "9": {
      "mean_ndcg": 0.6145794333701344,
      "std_ndcg": 0.35051962690214633
    }
  },
  "num_trials": 100,
  "num_samples": 10,
  "k": 10
}