{
  "overall_avg_ndcg": 0.7394914225856095,
  "trial_avg_scores": [
    0.731881255646998,
    0.7306847387123887,
    0.7687882802898522,
    0.731881255646998,
    0.7074735610133065,
    0.699473019002241,
    0.7363800436450952,
    0.7675917633552429,
    0.7238807136359326,
    0.7607877382787869,
    0.7288166936343461,
    0.7363800436450952,
    0.7306847387123887,
    0.7062770440786971,
    0.7351835267104858,
    0.7988912798562504,
    0.7675917633552429,
    0.7006695359368503,
    0.764527201342591,
    0.7619842552133962
  ],
  "sample_stats": {
    "0": {
      "mean_ndcg": 0.7988473814608206,
      "std_ndcg": 0.35781907783352596
    },
    "1": {
      "mean_ndcg": 0.8181900218225475,
      "std_ndcg": 0.3228613854918639
    },
    "2": {
      "mean_ndcg": 0.7895744087637542,
      "std_ndcg": 0.34485378770174746
    },
    "3": {
      "mean_ndcg": 0.7593003517711823,
      "std_ndcg": 0.3433861852304337
    },
    "4": {
      "mean_ndcg": 0.8318812556469981,
      "std_ndcg": 0.2679705714678724
    },
    "5": {
      "mean_ndcg": 0.7606953052060812,
      "std_ndcg": 0.27559033740002886
    },
    "6": {
      "mean_ndcg": 0.6142336492124448,
      "std_ndcg": 0.3706354561973774
    },
    "7": {
      "mean_ndcg": 0.762657469810689,
      "std_ndcg": 0.33907364165556986
    },
    "8": {
      "mean_ndcg": 0.5587724131520196,
      "std_ndcg": 0.34849890303475617
    },
    "9": {
      "mean_ndcg": 0.700761969009556,
      "std_ndcg": 0.33819793812971877
    }
  },
  "num_trials": 20,
  "num_samples": 10,
  "k": 10
}