{
  "strategy_name": "expert_instruction_id_first_plain",
  "overall_avg_ndcg": 0.5818357316830778,
  "trial_avg_scores": [
    0.5650776802899663,
    0.5671586168152145,
    0.5768929392892206,
    0.5715409918990997,
    0.5746055539117516,
    0.5630843857829853,
    0.6284733360917605,
    0.5674667608668703,
    0.6040656414580688,
    0.5999914104258395
  ],
  "sample_stats": {
    "0": {
      "mean_ndcg": 0.9333333333333332,
      "std_ndcg": 0.19999999999999998
    },
    "1": {
      "mean_ndcg": 0.7928526173809581,
      "std_ndcg": 0.27059456779975133
    },
    "2": {
      "mean_ndcg": 0.7359202731882976,
      "std_ndcg": 0.28072455234344273
    },
    "3": {
      "mean_ndcg": 0.536420812911006,
      "std_ndcg": 0.25766045530553555
    },
    "4": {
      "mean_ndcg": 0.5227256026317165,
      "std_ndcg": 0.33188517781111515
    },
    "5": {
      "mean_ndcg": 0.534625377682085,
      "std_ndcg": 0.20166720681186295
    },
    "6": {
      "mean_ndcg": 0.542241792884654,
      "std_ndcg": 0.3612268500224723
    },
    "7": {
      "mean_ndcg": 0.37817924522127255,
      "std_ndcg": 0.37604859287474107
    },
    "8": {
      "mean_ndcg": 0.4559455927381039,
      "std_ndcg": 0.3374224757931165
    },
    "9": {
      "mean_ndcg": 0.3861126688593501,
      "std_ndcg": 0.17090065109296004
    }
  },
  "num_trials": 10,
  "num_samples": 10,
  "k": 10
}