{
  "overall_avg_ndcg": 0.5906856443393196,
  "trial_avg_scores": [
    0.607938887245085,
    0.607938887245085,
    0.607938887245085,
    0.5118066694250938,
    0.507938887245085,
    0.504874325232433,
    0.607938887245085,
    0.6437777140695344,
    0.6568706894266803,
    0.6538061274140283,
    0.6538061274140283,
    0.5568706894266803,
    0.6568706894266803,
    0.6907131520568826,
    0.6337808078642218,
    0.49178134987528727,
    0.5337808078642218,
    0.5435596059558871,
    0.5368453698768738,
    0.604874325232433
  ],
  "sample_stats": {
    "0": {
      "mean_ndcg": 0.6345959758778252,
      "std_ndcg": 0.3563915600382142
    },
    "1": {
      "mean_ndcg": 0.5827868924142352,
      "std_ndcg": 0.3405280256384072
    },
    "2": {
      "mean_ndcg": 0.7235459456675074,
      "std_ndcg": 0.3801946409154034
    },
    "3": {
      "mean_ndcg": 0.5625042764124905,
      "std_ndcg": 0.3438397589661351
    },
    "4": {
      "mean_ndcg": 0.6016892222405037,
      "std_ndcg": 0.3652708180416232
    },
    "5": {
      "mean_ndcg": 0.6058524871128294,
      "std_ndcg": 0.4248532064343537
    },
    "6": {
      "mean_ndcg": 0.5458598475546534,
      "std_ndcg": 0.3615308891432312
    },
    "7": {
      "mean_ndcg": 0.6215425267427328,
      "std_ndcg": 0.37898376657960087
    },
    "8": {
      "mean_ndcg": 0.519191437544249,
      "std_ndcg": 0.3484811872369432
    },
    "9": {
      "mean_ndcg": 0.5092878318261694,
      "std_ndcg": 0.34936359143073964
    }
  },
  "num_trials": 20,
  "num_samples": 10,
  "k": 10
}