{
  "overall_avg_ndcg": 0.51261129771382,
  "trial_avg_scores": [
    0.520472794080695,
    0.49691825883902696,
    0.518185408703226,
    0.5240378958160553,
    0.5227601794581639,
    0.5204727940806949,
    0.5022702062291479,
    0.5022702062291478,
    0.48604859230450204,
    0.5281121268482847,
    0.5258247414708157,
    0.5172424603137598,
    0.5258247414708157,
    0.5258247414708157,
    0.4946308734615581,
    0.48927892607143725,
    0.5163985630484655,
    0.4915663114489061,
    0.5254001845049479,
    0.5186859484259345
  ],
  "sample_stats": {
    "0": {
      "mean_ndcg": 0.3895245648694267,
      "std_ndcg": 0.35318761306732954
    },
    "1": {
      "mean_ndcg": 0.5284690413046802,
      "std_ndcg": 0.3347420539712466
    },
    "2": {
      "mean_ndcg": 0.504444985592974,
      "std_ndcg": 0.3212892129220353
    },
    "3": {
      "mean_ndcg": 0.5859512098361902,
      "std_ndcg": 0.2839637309659788
    },
    "4": {
      "mean_ndcg": 0.6248481144340526,
      "std_ndcg": 0.23008288330777846
    },
    "5": {
      "mean_ndcg": 0.4132366006234586,
      "std_ndcg": 0.3102397374063729
    },
    "6": {
      "mean_ndcg": 0.5943759725368392,
      "std_ndcg": 0.341573896510855
    },
    "7": {
      "mean_ndcg": 0.5003493369052303,
      "std_ndcg": 0.27725395909798367
    },
    "8": {
      "mean_ndcg": 0.5320004464487005,
      "std_ndcg": 0.3177954710265795
    },
    "9": {
      "mean_ndcg": 0.4529127045866481,
      "std_ndcg": 0.2609399812308173
    }
  },
  "num_trials": 20,
  "num_samples": 10,
  "k": 10
}