{
  "overall_avg_ndcg": 0.7205722180060681,
  "trial_avg_scores": [
    0.7607877382787869,
    0.7607877382787869,
    0.670231768402027,
    0.7577231762661348,
    0.7607877382787869,
    0.731881255646998,
    0.7306847387123887,
    0.6648712314377457,
    0.6687882802898523,
    0.7607877382787869,
    0.7565266593315255,
    0.667591763355243,
    0.6687882802898523,
    0.7595912213441774,
    0.6687882802898523,
    0.7017782560806,
    0.731881255646998,
    0.667591763355243,
    0.7607877382787869,
    0.7607877382787869
  ],
  "sample_stats": {
    "0": {
      "mean_ndcg": 0.5662314973964944,
      "std_ndcg": 0.4339729944219247
    },
    "1": {
      "mean_ndcg": 0.6530506867666009,
      "std_ndcg": 0.3876859264811316
    },
    "2": {
      "mean_ndcg": 0.7968888570347673,
      "std_ndcg": 0.3412272898552637
    },
    "3": {
      "mean_ndcg": 0.7601894798114822,
      "std_ndcg": 0.30651170224193425
    },
    "4": {
      "mean_ndcg": 0.8119403568179664,
      "std_ndcg": 0.31104939108272217
    },
    "5": {
      "mean_ndcg": 0.7175468688565216,
      "std_ndcg": 0.3674896906722231
    },
    "6": {
      "mean_ndcg": 0.8488473814608204,
      "std_ndcg": 0.3092729446872986
    },
    "7": {
      "mean_ndcg": 0.7933111892704073,
      "std_ndcg": 0.28723805668163666
    },
    "8": {
      "mean_ndcg": 0.7104968687057915,
      "std_ndcg": 0.37463496154756104
    },
    "9": {
      "mean_ndcg": 0.5472189939398276,
      "std_ndcg": 0.35520704257494173
    }
  },
  "num_trials": 20,
  "num_samples": 10,
  "k": 10
}