{
  "strategy_name": "expert_instruction_id_first_plain",
  "overall_avg_ndcg": 0.5600152346251777,
  "trial_avg_scores": [
    0.5396863601688711,
    0.5476338369881166,
    0.6163954933611995,
    0.5359116836141369,
    0.59841960319746,
    0.5369213526337144,
    0.5571757637910698,
    0.5738283772765687,
    0.5616408976708105,
    0.5325389775498293
  ],
  "sample_stats": {
    "0": {
      "mean_ndcg": 0.9333333333333333,
      "std_ndcg": 0.2,
      "scores": [
        1.0,
        1.0,
        1.0,
        1.0,
        1.0,
        1.0,
        1.0,
        1.0,
        0.3333333333333333,
        1.0
      ]
    },
    "1": {
      "mean_ndcg": 0.6874834908425163,
      "std_ndcg": 0.2290834942711796,
      "scores": [
        1.0,
        0.6309297535714575,
        1.0,
        0.6309297535714575,
        0.38685280723454163,
        0.6309297535714575,
        0.6309297535714575,
        0.3333333333333333,
        1.0,
        0.6309297535714575
      ]
    },
    "2": {
      "mean_ndcg": 0.7635849255056936,
      "std_ndcg": 0.25300915632492793,
      "scores": [
        0.6309297535714575,
        1.0,
        1.0,
        0.6309297535714575,
        1.0,
        0.3562071871080222,
        1.0,
        0.6309297535714575,
        1.0,
        0.38685280723454163
      ]
    },
    "3": {
      "mean_ndcg": 0.5671586168152145,
      "std_ndcg": 0.2965097707445766,
      "scores": [
        1.0,
        0.31546487678572877,
        0.3562071871080222,
        0.38685280723454163,
        1.0,
        0.3333333333333333,
        0.31546487678572877,
        1.0,
        0.6309297535714575,
        0.3333333333333333
      ]
    },
    "4": {
      "mean_ndcg": 0.495083867879341,
      "std_ndcg": 0.2926984956230798,
      "scores": [
        0.3562071871080222,
        0.3562071871080222,
        1.0,
        0.31546487678572877,
        1.0,
        0.43067655807339306,
        0.43067655807339306,
        0.43067655807339306,
        0.6309297535714575,
        0.0
      ]
    },
    "5": {
      "mean_ndcg": 0.36037112298868096,
      "std_ndcg": 0.12843783135645334,
      "scores": [
        0.3562071871080222,
        0.0,
        0.43067655807339306,
        0.43067655807339306,
        0.5,
        0.3562071871080222,
        0.43067655807339306,
        0.3562071871080222,
        0.38685280723454163,
        0.3562071871080222
      ]
    },
    "6": {
      "mean_ndcg": 0.36487123143774564,
      "std_ndcg": 0.3078673383737043,
      "scores": [
        0.3333333333333333,
        0.38685280723454163,
        0.6309297535714575,
        0.0,
        0.3333333333333333,
        0.0,
        0.0,
        1.0,
        0.3333333333333333,
        0.6309297535714575
      ]
    },
    "7": {
      "mean_ndcg": 0.46036318131291887,
      "std_ndcg": 0.39946845604860043,
      "scores": [
        0.0,
        1.0,
        0.31546487678572877,
        0.6309297535714575,
        0.0,
        1.0,
        1.0,
        0.0,
        0.3010299956639812,
        0.3562071871080222
      ]
    },
    "8": {
      "mean_ndcg": 0.5871363910600955,
      "std_ndcg": 0.2824420072751108,
      "scores": [
        0.3333333333333333,
        0.3562071871080222,
        0.43067655807339306,
        1.0,
        0.43067655807339306,
        0.6309297535714575,
        0.3333333333333333,
        0.3562071871080222,
        1.0,
        1.0
      ]
    },
    "9": {
      "mean_ndcg": 0.38076618507623666,
      "std_ndcg": 0.22073289217637412,
      "scores": [
        0.38685280723454163,
        0.43067655807339306,
        0.0,
        0.3333333333333333,
        0.3333333333333333,
        0.6309297535714575,
        0.43067655807339306,
        0.6309297535714575,
        0.0,
        0.6309297535714575
      ]
    }
  },
  "num_trials": 10,
  "num_samples": 10,
  "k": 10
}