{
  "overall_avg_ndcg": 0.5305707353278837,
  "trial_avg_scores": [
    0.5166242802617079,
    0.5166242802617079,
    0.5166242802617079,
    0.5166242802617079,
    0.512793577745893,
    0.5166242802617079,
    0.5698156088910366,
    0.5303824992928204,
    0.5614228137922698,
    0.5252897105025338,
    0.5252897105025338,
    0.5214590079867188,
    0.5214590079867188,
    0.5252897105025338,
    0.5611501786502107,
    0.5611501786502107,
    0.5629184599605315,
    0.5166242802617079,
    0.5166242802617079,
    0.5166242802617079
  ],
  "sample_stats": {
    "0": {
      "mean_ndcg": 0.75,
      "std_ndcg": 0.4330127018922193
    },
    "1": {
      "mean_ndcg": 0.4259923524664103,
      "std_ndcg": 0.44468645627523584
    },
    "2": {
      "mean_ndcg": 0.4961479713895819,
      "std_ndcg": 0.4081805286703885
    },
    "3": {
      "mean_ndcg": 0.5941241678318518,
      "std_ndcg": 0.35353766220774363
    },
    "4": {
      "mean_ndcg": 0.5189567838476392,
      "std_ndcg": 0.4232808167608294
    },
    "5": {
      "mean_ndcg": 0.5076128001716798,
      "std_ndcg": 0.35123049755161334
    },
    "6": {
      "mean_ndcg": 0.4682880851610335,
      "std_ndcg": 0.29079116260979504
    },
    "7": {
      "mean_ndcg": 0.48344372175487366,
      "std_ndcg": 0.31989504430530996
    }
  },
  "num_trials": 20,
  "num_samples": 8,
  "k": 10
}