{
  "goal": "Mainly focus on accuracy, followed by diversity",
  "overall_avg_scores": {
    "HR": 0.8,
    "NDCG": 0.4510317337197057,
    "Alpha_NDCG": 4.543559338088344,
    "MAD": 0.0
  },
  "trial_avg_scores": {
    "HR": [
      0.7,
      0.9,
      0.7,
      0.9,
      0.7,
      0.9,
      0.9,
      0.8,
      0.8,
      0.7
    ],
    "NDCG": [
      0.3663054574231909,
      0.5499828208516788,
      0.3638930695573494,
      0.5307747746503972,
      0.40951928404762483,
      0.4662156684257483,
      0.47918032466668936,
      0.46266461987155577,
      0.493867750007543,
      0.3879135676952785
    ],
    "Alpha_NDCG": [
      4.543559338088345,
      4.543559338088345,
      4.543559338088345,
      4.543559338088345,
      4.543559338088345,
      4.543559338088345,
      4.543559338088345,
      4.543559338088345,
      4.543559338088345,
      4.543559338088345
    ],
    "MAD": [
      0.0,
      0.0,
      0.0,
      0.0,
      0.0,
      0.0,
      0.0,
      0.0,
      0.0,
      0.0
    ]
  },
  "sample_stats": {
    "0": {
      "HR": {
        "mean": 0.9,
        "std": 0.30000000000000004,
        "scores": [
          0.0,
          1.0,
          1.0,
          1.0,
          1.0,
          1.0,
          1.0,
          1.0,
          1.0,
          1.0
        ]
      },
      "NDCG": {
        "mean": 0.5293312865382225,
        "std": 0.28420765269376336,
        "scores": [
          0.0,
          0.6309297535714575,
          0.5,
          0.5,
          1.0,
          0.3010299956639812,
          0.43067655807339306,
          0.5,
          1.0,
          0.43067655807339306
        ]
      },
      "Alpha_NDCG": {
        "mean": 4.543559338088345,
        "std": 8.881784197001252e-16,
        "scores": [
          4.543559338088346,
          4.543559338088346,
          4.543559338088346,
          4.543559338088346,
          4.543559338088346,
          4.543559338088346,
          4.543559338088346,
          4.543559338088346,
          4.543559338088346,
          4.543559338088346
        ]
      },
      "MAD": {
        "mean": 0.0,
        "std": 0.0,
        "scores": [
          0.0,
          0.0,
          0.0,
          0.0,
          0.0,
          0.0,
          0.0,
          0.0,
          0.0,
          0.0
        ]
      }
    },
    "1": {
      "HR": {
        "mean": 0.5,
        "std": 0.5,
        "scores": [
          1.0,
          0.0,
          0.0,
          1.0,
          1.0,
          1.0,
          1.0,
          0.0,
          0.0,
          0.0
        ]
      },
      "NDCG": {
        "mean": 0.2776201766997367,
        "std": 0.3298158217544164,
        "scores": [
          0.2890648263178879,
          0.0,
          0.0,
          0.5,
          0.6309297535714575,
          1.0,
          0.3562071871080222,
          0.0,
          0.0,
          0.0
        ]
      },
      "Alpha_NDCG": {
        "mean": 4.543559338088345,
        "std": 8.881784197001252e-16,
        "scores": [
          4.543559338088346,
          4.543559338088346,
          4.543559338088346,
          4.543559338088346,
          4.543559338088346,
          4.543559338088346,
          4.543559338088346,
          4.543559338088346,
          4.543559338088346,
          4.543559338088346
        ]
      },
      "MAD": {
        "mean": 0.0,
        "std": 0.0,
        "scores": [
          0.0,
          0.0,
          0.0,
          0.0,
          0.0,
          0.0,
          0.0,
          0.0,
          0.0,
          0.0
        ]
      }
    },
    "2": {
      "HR": {
        "mean": 0.8,
        "std": 0.4,
        "scores": [
          1.0,
          1.0,
          1.0,
          1.0,
          1.0,
          1.0,
          1.0,
          0.0,
          1.0,
          0.0
        ]
      },
      "NDCG": {
        "mean": 0.5392789260714373,
        "std": 0.3218694550244856,
        "scores": [
          1.0,
          0.5,
          0.6309297535714575,
          1.0,
          0.5,
          0.5,
          0.6309297535714575,
          0.0,
          0.6309297535714575,
          0.0
        ]
      },
      "Alpha_NDCG": {
        "mean": 4.543559338088345,
        "std": 8.881784197001252e-16,
        "scores": [
          4.543559338088346,
          4.543559338088346,
          4.543559338088346,
          4.543559338088346,
          4.543559338088346,
          4.543559338088346,
          4.543559338088346,
          4.543559338088346,
          4.543559338088346,
          4.543559338088346
        ]
      },
      "MAD": {
        "mean": 0.0,
        "std": 0.0,
        "scores": [
          0.0,
          0.0,
          0.0,
          0.0,
          0.0,
          0.0,
          0.0,
          0.0,
          0.0,
          0.0
        ]
      }
    },
    "3": {
      "HR": {
        "mean": 0.9,
        "std": 0.30000000000000004,
        "scores": [
          1.0,
          1.0,
          1.0,
          1.0,
          0.0,
          1.0,
          1.0,
          1.0,
          1.0,
          1.0
        ]
      },
      "NDCG": {
        "mean": 0.5433531571036665,
        "std": 0.28639480148408886,
        "scores": [
          0.5,
          0.6309297535714575,
          0.31546487678572877,
          0.5,
          0.0,
          0.6309297535714575,
          0.3562071871080222,
          1.0,
          1.0,
          0.5
        ]
      },
      "Alpha_NDCG": {
        "mean": 4.543559338088345,
        "std": 8.881784197001252e-16,
        "scores": [
          4.543559338088346,
          4.543559338088346,
          4.543559338088346,
          4.543559338088346,
          4.543559338088346,
          4.543559338088346,
          4.543559338088346,
          4.543559338088346,
          4.543559338088346,
          4.543559338088346
        ]
      },
      "MAD": {
        "mean": 0.0,
        "std": 0.0,
        "scores": [
          0.0,
          0.0,
          0.0,
          0.0,
          0.0,
          0.0,
          0.0,
          0.0,
          0.0,
          0.0
        ]
      }
    },
    "4": {
      "HR": {
        "mean": 1.0,
        "std": 0.0,
        "scores": [
          1.0,
          1.0,
          1.0,
          1.0,
          1.0,
          1.0,
          1.0,
          1.0,
          1.0,
          1.0
        ]
      },
      "NDCG": {
        "mean": 0.4943682897302514,
        "std": 0.10448744877902431,
        "scores": [
          0.5,
          0.6309297535714575,
          0.6309297535714575,
          0.43067655807339306,
          0.5,
          0.3562071871080222,
          0.6309297535714575,
          0.3333333333333333,
          0.5,
          0.43067655807339306
        ]
      },
      "Alpha_NDCG": {
        "mean": 4.543559338088345,
        "std": 8.881784197001252e-16,
        "scores": [
          4.543559338088346,
          4.543559338088346,
          4.543559338088346,
          4.543559338088346,
          4.543559338088346,
          4.543559338088346,
          4.543559338088346,
          4.543559338088346,
          4.543559338088346,
          4.543559338088346
        ]
      },
      "MAD": {
        "mean": 0.0,
        "std": 0.0,
        "scores": [
          0.0,
          0.0,
          0.0,
          0.0,
          0.0,
          0.0,
          0.0,
          0.0,
          0.0,
          0.0
        ]
      }
    },
    "5": {
      "HR": {
        "mean": 0.9,
        "std": 0.30000000000000004,
        "scores": [
          0.0,
          1.0,
          1.0,
          1.0,
          1.0,
          1.0,
          1.0,
          1.0,
          1.0,
          1.0
        ]
      },
      "NDCG": {
        "mean": 0.42515536030655793,
        "std": 0.23512573808056,