{
  "overall_avg_ndcg": 0.4427625874929643,
  "trial_avg_scores": [
    0.4267648932750831,
    0.4216572899206632,
    0.43187249662950294,
    0.490896279727139,
    0.4267648932750831,
    0.5225097884359782,
    0.41435333144752123,
    0.4998830198995767,
    0.41946093480194113,
    0.4216572899206632,
    0.4267648932750831,
    0.49768666478085466,
    0.4051571328735144,
    0.4024553430393858,
    0.35498546692951755,
    0.42165728992066315,
    0.41654968656624325,
    0.4976866647808546,
    0.41946093480194113,
    0.5370274555580793
  ],
  "sample_stats": {
    "0": {
      "mean_ndcg": 0.6273354674167813,
      "std_ndcg": 0.3566340969675029
    },
    "1": {
      "mean_ndcg": 0.4426720071422623,
      "std_ndcg": 0.26384272500309697
    },
    "2": {
      "mean_ndcg": 0.39167965467585203,
      "std_ndcg": 0.3089385194548111
    },
    "3": {
      "mean_ndcg": 0.3798250068593905,
      "std_ndcg": 0.1874336851777601
    },
    "4": {
      "mean_ndcg": 0.36161903259581385,
      "std_ndcg": 0.20990321637314033
    },
    "5": {
      "mean_ndcg": 0.4534443562676865,
      "std_ndcg": 0.24533426786670676
    }
  },
  "num_trials": 20,
  "num_samples": 6,
  "k": 10
}