{
  "overall_avg_ndcg": 0.4902528890036935,
  "trial_avg_scores": [
    0.49954848844565536,
    0.5026412800612814,
    0.49954848844565536,
    0.4995484884456553,
    0.5011456338930197,
    0.46724608767173426,
    0.5048748371297319,
    0.46501253060328374,
    0.4988105775454664,
    0.4973149313772047,
    0.45832259636563266,
    0.49551057123698633,
    0.4534147076420876,
    0.4995484884456553,
    0.505082051822586,
    0.49954848844565536,
    0.49668925672381914,
    0.5011456338930197,
    0.49954848844565536,
    0.4605561534340832
  ],
  "sample_stats": {
    "0": {
      "mean_ndcg": 0.3160508927747564,
      "std_ndcg": 0.3201976442475371
    },
    "1": {
      "mean_ndcg": 0.5498108058041016,
      "std_ndcg": 0.34843080459162973
    },
    "2": {
      "mean_ndcg": 0.4292650637197054,
      "std_ndcg": 0.3271541979322871
    },
    "3": {
      "mean_ndcg": 0.6864632657985215,
      "std_ndcg": 0.29875516238370664
    },
    "4": {
      "mean_ndcg": 0.510616059507494,
      "std_ndcg": 0.3076692567286356
    },
    "5": {
      "mean_ndcg": 0.38938917307865145,
      "std_ndcg": 0.338250952803733
    },
    "6": {
      "mean_ndcg": 0.5334832018929403,
      "std_ndcg": 0.3011786319524924
    },
    "7": {
      "mean_ndcg": 0.5069446494533769,
      "std_ndcg": 0.30440869937957676
    }
  },
  "num_trials": 20,
  "num_samples": 8,
  "k": 10
}