{
  "overall_avg_ndcg": 0.5694989091428864,
  "trial_avg_scores": [
    0.5719661513759005,
    0.5694246120676018,
    0.5685610824729539,
    0.5719661513759005,
    0.5719661513759005,
    0.5674392280067568,
    0.5719661513759005,
    0.5634780038563564,
    0.5694246120676018,
    0.568561082472954,
    0.5719661513759006,
    0.5685610824729539,
    0.5645058890658856,
    0.5719661513759005,
    0.5753712202788471,
    0.5719661513759005,
    0.5694246120676018,
    0.5660195431646551,
    0.5719661513759005,
    0.5634780038563564
  ],
  "sample_stats": {
    "0": {
      "mean_ndcg": 0.34695917688290934,
      "std_ndcg": 0.2955231598107309
    },
    "1": {
      "mean_ndcg": 0.5945377678362835,
      "std_ndcg": 0.39880801800004795
    },
    "2": {
      "mean_ndcg": 0.7160149241264802,
      "std_ndcg": 0.3152108782727923
    },
    "3": {
      "mean_ndcg": 0.4825798955937115,
      "std_ndcg": 0.34763909752014593
    },
    "4": {
      "mean_ndcg": 0.569440339283985,
      "std_ndcg": 0.30563348899908616
    },
    "5": {
      "mean_ndcg": 0.6767188189067219,
      "std_ndcg": 0.28011135790670677
    },
    "6": {
      "mean_ndcg": 0.5721585991445459,
      "std_ndcg": 0.2862938820688886
    },
    "7": {
      "mean_ndcg": 0.5314362029049772,
      "std_ndcg": 0.3471645683908197
    },
    "8": {
      "mean_ndcg": 0.6356444576063636,
      "std_ndcg": 0.3193267522490945
    }
  },
  "num_trials": 20,
  "num_samples": 9,
  "k": 10
}