{
  "overall_avg_ndcg": 0.6259855955079792,
  "trial_avg_scores": [
    0.6304666305987414,
    0.6274020685860895,
    0.6274020685860895,
    0.6304666305987414,
    0.6274020685860895,
    0.6249489114543374,
    0.6235342864060807,
    0.6304666305987414,
    0.6218843494416854,
    0.6235342864060807,
    0.6274020685860895,
    0.6304666305987414,
    0.6274020685860895,
    0.6233278375538601,
    0.6304666305987414,
    0.6304666305987414,
    0.5935596059558872,
    0.6281792452212726,
    0.6304666305987414,
    0.6304666305987414
  ],
  "sample_stats": {
    "0": {
      "mean_ndcg": 0.6996141434859122,
      "std_ndcg": 0.40186054508866004
    },
    "1": {
      "mean_ndcg": 0.6176817992932515,
      "std_ndcg": 0.3879036891468388
    },
    "2": {
      "mean_ndcg": 0.7095917092306884,
      "std_ndcg": 0.35194829929231103
    },
    "3": {
      "mean_ndcg": 0.6473339221038733,
      "std_ndcg": 0.3095145011629393
    },
    "4": {
      "mean_ndcg": 0.614847458785283,
      "std_ndcg": 0.3215884251666691
    },
    "5": {
      "mean_ndcg": 0.668945462469975,
      "std_ndcg": 0.2997944075418315
    },
    "6": {
      "mean_ndcg": 0.7852832681852261,
      "std_ndcg": 0.31261840759369025
    },
    "7": {
      "mean_ndcg": 0.4963588524337288,
      "std_ndcg": 0.3095071388344153
    },
    "8": {
      "mean_ndcg": 0.473191048324298,
      "std_ndcg": 0.24628532046911172
    },
    "9": {
      "mean_ndcg": 0.5470082907675555,
      "std_ndcg": 0.2746616558927339
    }
  },
  "num_trials": 20,
  "num_samples": 10,
  "k": 10
}