{
  "overall_avg_ndcg": 0.7160449765863025,
  "trial_avg_scores": [
    0.6687882802898523,
    0.731881255646998,
    0.731881255646998,
    0.7607877382787869,
    0.6687882802898523,
    0.731881255646998,
    0.7607877382787869,
    0.7607877382787869,
    0.7607877382787869,
    0.7276201766997368,
    0.6687882802898523,
    0.6964982459870317,
    0.6964982459870317,
    0.7607877382787869,
    0.7306847387123887,
    0.7595912213441774,
    0.6687882802898523,
    0.6687882802898523,
    0.697694762921641,
    0.6687882802898523
  ],
  "sample_stats": {
    "0": {
      "mean_ndcg": 0.5919994579889345,
      "std_ndcg": 0.44463437172175607
    },
    "1": {
      "mean_ndcg": 0.7846850097179214,
      "std_ndcg": 0.3511644719476995
    },
    "2": {
      "mean_ndcg": 0.465532501351158,
      "std_ndcg": 0.30433251189344485
    },
    "3": {
      "mean_ndcg": 0.6380430853788317,
      "std_ndcg": 0.3633776756208638
    },
    "4": {
      "mean_ndcg": 0.6307286371078187,
      "std_ndcg": 0.36360372430738735
    },
    "5": {
      "mean_ndcg": 0.8190791498628476,
      "std_ndcg": 0.28314325831990256
    },
    "6": {
      "mean_ndcg": 0.815051499783199,
      "std_ndcg": 0.3744622886428361
    },
    "7": {
      "mean_ndcg": 0.9337958816776215,
      "std_ndcg": 0.19921327710743922
    },
    "8": {
      "mean_ndcg": 0.7326871615338719,
      "std_ndcg": 0.32851106958796017
    },
    "9": {
      "mean_ndcg": 0.7488473814608205,
      "std_ndcg": 0.3942324575776543
    }
  },
  "num_trials": 20,
  "num_samples": 10,
  "k": 10
}