{
  "overall_avg_ndcg": 0.6319477774108908,
  "trial_avg_scores": [
    0.5873989747914022,
    0.6444120927953418,
    0.6106594191625823,
    0.6118559360971916,
    0.6243059994342565,
    0.6576393327675897,
    0.6087913740845396,
    0.6488912798562504,
    0.6451892694305249,
    0.683097373518796,
    0.6173736552415956,
    0.6074735610133064,
    0.6118559360971916,
    0.5820470274012813,
    0.6243059994342565,
    0.6833154816324434,
    0.6845119985670526,
    0.6118559360971916,
    0.6766012455534298,
    0.6173736552415956
  ],
  "sample_stats": {
    "0": {
      "mean_ndcg": 0.5476294047961903,
      "std_ndcg": 0.403574830512817
    },
    "1": {
      "mean_ndcg": 0.584214732483059,
      "std_ndcg": 0.3677891012099142
    },
    "2": {
      "mean_ndcg": 0.6352324205855086,
      "std_ndcg": 0.38702186198194033
    },
    "3": {
      "mean_ndcg": 0.706600186542597,
      "std_ndcg": 0.3379693888928599
    },
    "4": {
      "mean_ndcg": 0.8087509871789003,
      "std_ndcg": 0.3109394540410514
    },
    "5": {
      "mean_ndcg": 0.5181549277924206,
      "std_ndcg": 0.38209489104402716
    },
    "6": {
      "mean_ndcg": 0.5805566220602413,
      "std_ndcg": 0.39523714673691135
    },
    "7": {
      "mean_ndcg": 0.4697700946758882,
      "std_ndcg": 0.38055445831944384
    },
    "8": {
      "mean_ndcg": 0.8544598466003721,
      "std_ndcg": 0.26020774792667434
    },
    "9": {
      "mean_ndcg": 0.6141085513937327,
      "std_ndcg": 0.4003286312198538
    }
  },
  "num_trials": 20,
  "num_samples": 10,
  "k": 10
}