{
  "overall_avg_ndcg": 0.6923449248863258,
  "trial_avg_scores": [
    0.7622312263909616,
    0.6687882802898523,
    0.7038553940861261,
    0.731881255646998,
    0.7333247437591728,
    0.6288166936343461,
    0.7276201766997368,
    0.6687882802898523,
    0.697694762921641,
    0.6687882802898523,
    0.7044089990006545,
    0.667591763355243,
    0.6687882802898523,
    0.6687882802898523,
    0.6818812556469981,
    0.697694762921641,
    0.6687882802898523,
    0.731881255646998,
    0.6964982459870317,
    0.6687882802898523
  ],
  "sample_stats": {
    "0": {
      "mean_ndcg": 0.5959997289944672,
      "std_ndcg": 0.46783102123129683
    },
    "1": {
      "mean_ndcg": 0.7240291969769922,
      "std_ndcg": 0.3611745639579851
    },
    "2": {
      "mean_ndcg": 0.5940791498628476,
      "std_ndcg": 0.400787627266976
    },
    "3": {
      "mean_ndcg": 0.5467607403826198,
      "std_ndcg": 0.4273761901896387
    },
    "4": {
      "mean_ndcg": 0.7730794208683803,
      "std_ndcg": 0.3596212258947869
    },
    "5": {
      "mean_ndcg": 0.7138988812440197,
      "std_ndcg": 0.4013364817724083
    },
    "6": {
      "mean_ndcg": 0.7769396869638162,
      "std_ndcg": 0.3048480351779553
    },
    "7": {
      "mean_ndcg": 0.7569274721833509,
      "std_ndcg": 0.3459929282653178
    },
    "8": {
      "mean_ndcg": 0.7775901150684701,
      "std_ndcg": 0.3259393529610353
    },
    "9": {
      "mean_ndcg": 0.6641448563182936,
      "std_ndcg": 0.365059395432685
    }
  },
  "num_trials": 20,
  "num_samples": 10,
  "k": 10
}