{
  "overall_avg_ndcg": 0.6339010554759162,
  "trial_avg_scores": [
    0.6604529703103617,
    0.6489201429201685,
    0.7243059994342563,
    0.6060589359650499,
    0.6720186140567874,
    0.6060589359650498,
    0.587297279591967,
    0.5234442504680722,
    0.6121295311915264,
    0.5955645597242949,
    0.6599267181450587,
    0.6576393327675898,
    0.5463246134910439,
    0.6632994242093664,
    0.6576393327675898,
    0.6650862698641268,
    0.6743059994342564,
    0.5833154816324433,
    0.6743059994342564,
    0.6599267181450587
  ],
  "sample_stats": {
    "0": {
      "mean_ndcg": 0.6303297095812911,
      "std_ndcg": 0.43141540366198583
    },
    "1": {
      "mean_ndcg": 0.5593323900486062,
      "std_ndcg": 0.38130102220091605
    },
    "2": {
      "mean_ndcg": 0.7110050122413135,
      "std_ndcg": 0.383166940295758
    },
    "3": {
      "mean_ndcg": 0.497941102412143,
      "std_ndcg": 0.3975670501135127
    },
    "4": {
      "mean_ndcg": 0.6518436546730795,
      "std_ndcg": 0.3168173999028508
    },
    "5": {
      "mean_ndcg": 0.5603633885019625,
      "std_ndcg": 0.2582223940622562
    },
    "6": {
      "mean_ndcg": 0.5396684171471217,
      "std_ndcg": 0.32881333628312026
    },
    "7": {
      "mean_ndcg": 0.6268306329069926,
      "std_ndcg": 0.27855220081893073
    },
    "8": {
      "mean_ndcg": 0.7050465351419687,
      "std_ndcg": 0.29821849039207327
    },
    "9": {
      "mean_ndcg": 0.8566497121046831,
      "std_ndcg": 0.25076691325251566
    }
  },
  "num_trials": 20,
  "num_samples": 10,
  "k": 10
}