{
  "overall_avg_ndcg": 0.7457029805084565,
  "trial_avg_scores": [
    0.7017782560806,
    0.7386852807234542,
    0.7226841967013232,
    0.7988912798562504,
    0.7017782560806,
    0.7607877382787869,
    0.7976947629216411,
    0.7964982459870317,
    0.7607877382787869,
    0.7675917633552429,
    0.7238807136359326,
    0.7306847387123887,
    0.7419589356635897,
    0.7375765605797046,
    0.7619842552133962,
    0.7687882802898522,
    0.7074735610133065,
    0.7619842552133962,
    0.7375765605797046,
    0.6949742310041438
  ],
  "sample_stats": {
    "0": {
      "mean_ndcg": 0.8433597239476832,
      "std_ndcg": 0.31824227735330235
    },
    "1": {
      "mean_ndcg": 0.9139821033974457,
      "std_ndcg": 0.17841054476600912
    },
    "2": {
      "mean_ndcg": 0.7289503810272187,
      "std_ndcg": 0.379321603863612
    },
    "3": {
      "mean_ndcg": 0.6428053638758083,
      "std_ndcg": 0.4072833114636863
    },
    "4": {
      "mean_ndcg": 0.6805090834862569,
      "std_ndcg": 0.36875715494479266
    },
    "5": {
      "mean_ndcg": 0.738350474273141,
      "std_ndcg": 0.3424917183044954
    },
    "6": {
      "mean_ndcg": 0.683659511727598,
      "std_ndcg": 0.3181462989486521
    },
    "7": {
      "mean_ndcg": 0.8833247437591728,
      "std_ndcg": 0.2107457226151394
    },
    "8": {
      "mean_ndcg": 0.7391694896543425,
      "std_ndcg": 0.32112556275038423
    },
    "9": {
      "mean_ndcg": 0.602918929935899,
      "std_ndcg": 0.34074607934200773
    }
  },
  "num_trials": 20,
  "num_samples": 10,
  "k": 10
}