{
  "overall_avg_ndcg": 0.7305736016824842,
  "trial_avg_scores": [
    0.7607877382787869,
    0.731881255646998,
    0.7607877382787869,
    0.6687882802898523,
    0.6687882802898523,
    0.7622312263909616,
    0.6687882802898523,
    0.7607877382787869,
    0.6687882802898523,
    0.697694762921641,
    0.731881255646998,
    0.7607877382787869,
    0.7607877382787869,
    0.731881255646998,
    0.7607877382787869,
    0.7595912213441774,
    0.731881255646998,
    0.7607877382787869,
    0.731881255646998,
    0.731881255646998
  ],
  "sample_stats": {
    "0": {
      "mean_ndcg": 0.7079400858124336,
      "std_ndcg": 0.35902819250067175
    },
    "1": {
      "mean_ndcg": 0.5588292138527335,
      "std_ndcg": 0.38102059035634844
    },
    "2": {
      "mean_ndcg": 0.6982930213889458,
      "std_ndcg": 0.38095032243082555
    },
    "3": {
      "mean_ndcg": 0.7638988812440196,
      "std_ndcg": 0.3703796477630118
    },
    "4": {
      "mean_ndcg": 0.8632603593413585,
      "std_ndcg": 0.2481499535482724
    },
    "5": {
      "mean_ndcg": 0.599473019002241,
      "std_ndcg": 0.3574746242545429
    },
    "6": {
      "mean_ndcg": 0.7653862677516242,
      "std_ndcg": 0.3356275421121887
    },
    "7": {
      "mean_ndcg": 0.7846850097179214,
      "std_ndcg": 0.3511644719476995
    },
    "8": {
      "mean_ndcg": 0.7841306496460467,
      "std_ndcg": 0.30121559666159037
    },
    "9": {
      "mean_ndcg": 0.7798395090675185,
      "std_ndcg": 0.3073926636650119
    }
  },
  "num_trials": 20,
  "num_samples": 10,
  "k": 10
}