{
  "overall_avg_ndcg": 0.6956862159047998,
  "trial_avg_scores": [
    0.6087913740845396,
    0.6657237182772004,
    0.7288166936343461,
    0.6687882802898523,
    0.697694762921641,
    0.7288166936343462,
    0.7607877382787869,
    0.7044089990006545,
    0.6946302009089891,
    0.670231768402027,
    0.6687882802898523,
    0.6687882802898523,
    0.7607877382787869,
    0.697694762921641,
    0.6464982459870317,
    0.7607877382787869,
    0.7622312263909616,
    0.731881255646998,
    0.6687882802898523,
    0.6187882802898523
  ],
  "sample_stats": {
    "0": {
      "mean_ndcg": 0.48551593130111537,
      "std_ndcg": 0.43674020097883265
    },
    "1": {
      "mean_ndcg": 0.6815464876785728,
      "std_ndcg": 0.45320856438298684
    },
    "2": {
      "mean_ndcg": 0.6860003811779487,
      "std_ndcg": 0.3992768977574165
    },
    "3": {
      "mean_ndcg": 0.7419948269255698,
      "std_ndcg": 0.35753109407985395
    },
    "4": {
      "mean_ndcg": 0.49829302138894577,
      "std_ndcg": 0.42946519849194786
    },
    "5": {
      "mean_ndcg": 0.8143574992174554,
      "std_ndcg": 0.28549375097194396
    },
    "6": {
      "mean_ndcg": 0.74402830226313,
      "std_ndcg": 0.31446575912221136
    },
    "7": {
      "mean_ndcg": 0.7448910088507177,
      "std_ndcg": 0.31985660447389924
    },
    "8": {
      "mean_ndcg": 0.8019918566011655,
      "std_ndcg": 0.2825577491107036
    },
    "9": {
      "mean_ndcg": 0.7582428436433781,
      "std_ndcg": 0.3296810698900478
    }
  },
  "num_trials": 20,
  "num_samples": 10,
  "k": 10
}