{
  "overall_avg_ndcg": 0.5296053979424863,
  "trial_avg_scores": [
    0.5260842555148563,
    0.5466241679685392,
    0.5191519113221956,
    0.5335311926113934,
    0.5835311926113934,
    0.5413886334926303,
    0.5636341921777915,
    0.5563530268355377,
    0.5291488175275083,
    0.4835311926113934,
    0.5260842555148564,
    0.5222164733348476,
    0.5230196935022043,
    0.4835311926113934,
    0.5260842555148563,
    0.5335311926113934,
    0.5335311926113934,
    0.5168645259447268,
    0.5137999639320748,
    0.5304666305987414
  ],
  "sample_stats": {
    "0": {
      "mean_ndcg": 0.45,
      "std_ndcg": 0.49749371855331
    },
    "1": {
      "mean_ndcg": 0.670231768402027,
      "std_ndcg": 0.4308810784523998
    },
    "2": {
      "mean_ndcg": 0.5380929753571457,
      "std_ndcg": 0.46126259903168837
    },
    "3": {
      "mean_ndcg": 0.4667147487059792,
      "std_ndcg": 0.3908025781957325
    },
    "4": {
      "mean_ndcg": 0.4201723312281489,
      "std_ndcg": 0.3200973712232942
    },
    "5": {
      "mean_ndcg": 0.5192336955698061,
      "std_ndcg": 0.25044181839059626
    },
    "6": {
      "mean_ndcg": 0.5024544172725387,
      "std_ndcg": 0.20067674537104013
    },
    "7": {
      "mean_ndcg": 0.551933857333103,
      "std_ndcg": 0.320402798433067
    },
    "8": {
      "mean_ndcg": 0.565003060037786,
      "std_ndcg": 0.25444890685062216
    },
    "9": {
      "mean_ndcg": 0.6122171255183291,
      "std_ndcg": 0.2904809931725268
    }
  },
  "num_trials": 20,
  "num_samples": 10,
  "k": 10
}