{
  "overall_avg_ndcg": 0.4119549455149552,
  "trial_avg_scores": [
    0.4344681955019622,
    0.4280689604476768,
    0.4437301687646089,
    0.38840484529125746,
    0.32838569407349316,
    0.536161935531448,
    0.3769737131004995,
    0.43544635738235843,
    0.44886707772834855,
    0.4143145568359511,
    0.43901145911771877,
    0.41410810798373054,
    0.45409772898184564,
    0.38862055627020753,
    0.38245992510572246,
    0.42484721625490207,
    0.430673079450962,
    0.3665434134145927,
    0.3692326851334746,
    0.3346832339283433
  ],
  "sample_stats": {
    "0": {
      "mean_ndcg": 0.32947159557518024,
      "std_ndcg": 0.26726993423286965
    },
    "1": {
      "mean_ndcg": 0.3435157849467535,
      "std_ndcg": 0.1904279728852385
    },
    "2": {
      "mean_ndcg": 0.41652678522685277,
      "std_ndcg": 0.2943586389651696
    },
    "3": {
      "mean_ndcg": 0.40524649975495014,
      "std_ndcg": 0.296183369089497
    },
    "4": {
      "mean_ndcg": 0.42852844472165685,
      "std_ndcg": 0.2091859991552807
    },
    "5": {
      "mean_ndcg": 0.43254992889430754,
      "std_ndcg": 0.14763280400789117
    },
    "6": {
      "mean_ndcg": 0.5552524528559466,
      "std_ndcg": 0.23735792057083702
    },
    "7": {
      "mean_ndcg": 0.3879672665593027,
      "std_ndcg": 0.19778974916364148
    },
    "8": {
      "mean_ndcg": 0.4421551827117204,
      "std_ndcg": 0.32579494955617927
    },
    "9": {
      "mean_ndcg": 0.3783355139028813,
      "std_ndcg": 0.18024049060896546
    }
  },
  "num_trials": 20,
  "num_samples": 10,
  "k": 10
}