{
  "overall_avg_ndcg": 0.7094229376514943,
  "trial_avg_scores": [
    0.7095912213441775,
    0.7595912213441774,
    0.7026588771515168,
    0.6806847387123887,
    0.7065266593315255,
    0.7107877382787868,
    0.6806847387123887,
    0.7306847387123887,
    0.6517782560805999,
    0.7306847387123887,
    0.7306847387123887,
    0.6806847387123887,
    0.6937777140695345,
    0.7226841967013232,
    0.6806847387123887,
    0.7607877382787869,
    0.7622312263909616,
    0.7107877382787868,
    0.6517782560805999,
    0.7306847387123887
  ],
  "sample_stats": {
    "0": {
      "mean_ndcg": 0.8144532413158944,
      "std_ndcg": 0.25660054832510204
    },
    "1": {
      "mean_ndcg": 0.7709997289944673,
      "std_ndcg": 0.37701586077810384
    },
    "2": {
      "mean_ndcg": 0.6269276970430631,
      "std_ndcg": 0.4059938750640337
    },
    "3": {
      "mean_ndcg": 0.8040276500796486,
      "std_ndcg": 0.3163373886611913
    },
    "4": {
      "mean_ndcg": 0.7144806203900103,
      "std_ndcg": 0.338092759051707
    },
    "5": {
      "mean_ndcg": 0.7201379800282831,
      "std_ndcg": 0.33347834357512823
    },
    "6": {
      "mean_ndcg": 0.5695776668554121,
      "std_ndcg": 0.3663846376598882
    },
    "7": {
      "mean_ndcg": 0.7655883444304683,
      "std_ndcg": 0.3147585600235206
    },
    "8": {
      "mean_ndcg": 0.5874745241265658,
      "std_ndcg": 0.29781249012275135
    },
    "9": {
      "mean_ndcg": 0.7205619232511307,
      "std_ndcg": 0.25237639031619946
    }
  },
  "num_trials": 20,
  "num_samples": 10,
  "k": 10
}