{
  "overall_avg_ndcg": 0.7355287626917144,
  "trial_avg_scores": [
    0.7988912798562504,
    0.6693700194358428,
    0.7595912213441774,
    0.7976947629216411,
    0.7226841967013232,
    0.725077230570542,
    0.7074735610133065,
    0.7619842552133962,
    0.731881255646998,
    0.6949742310041438,
    0.7607877382787869,
    0.7687882802898522,
    0.731881255646998,
    0.7074735610133065,
    0.725077230570542,
    0.7196196346886713,
    0.6949742310041438,
    0.7976947629216411,
    0.7351835267104858,
    0.699473019002241
  ],
  "sample_stats": {
    "0": {
      "mean_ndcg": 0.8613420983506617,
      "std_ndcg": 0.25245915928667456
    },
    "1": {
      "mean_ndcg": 0.7335323911787419,
      "std_ndcg": 0.3422994496845748
    },
    "2": {
      "mean_ndcg": 0.7269918566011654,
      "std_ndcg": 0.3633354649255727
    },
    "3": {
      "mean_ndcg": 0.7271556056253047,
      "std_ndcg": 0.38136488392849804
    },
    "4": {
      "mean_ndcg": 0.8196774083301523,
      "std_ndcg": 0.28203321430105416
    },
    "5": {
      "mean_ndcg": 0.7141448563182935,
      "std_ndcg": 0.3381625002300641
    },
    "6": {
      "mean_ndcg": 0.6762618413031587,
      "std_ndcg": 0.3251003875647125
    },
    "7": {
      "mean_ndcg": 0.6631642528266914,
      "std_ndcg": 0.29585375760388993
    },
    "8": {
      "mean_ndcg": 0.6622751247863915,
      "std_ndcg": 0.33364885551181717
    },
    "9": {
      "mean_ndcg": 0.770742191596584,
      "std_ndcg": 0.3143418114106009
    }
  },
  "num_trials": 20,
  "num_samples": 10,
  "k": 10
}