{
  "overall_avg_ndcg": 0.5683991912386459,
  "trial_avg_scores": [
    0.5631511064130963,
    0.566523812477404,
    0.5705980435096334,
    0.5683106581321645,
    0.5683106581321644,
    0.5662156684257482,
    0.5683106581321644,
    0.5705980435096334,
    0.5608637210356273,
    0.5736626055222853,
    0.5705980435096334,
    0.5736626055222853,
    0.5705980435096334,
    0.5662156684257482,
    0.566523812477404,
    0.5705980435096334,
    0.5660232727546957,
    0.5705980435096334,
    0.5683106581321644,
    0.5683106581321644
  ],
  "sample_stats": {
    "0": {
      "mean_ndcg": 0.6874920804166769,
      "std_ndcg": 0.3496219655563909
    },
    "1": {
      "mean_ndcg": 0.6086258612202446,
      "std_ndcg": 0.4119714696700378
    },
    "2": {
      "mean_ndcg": 0.7617061768024872,
      "std_ndcg": 0.29854206331754624
    },
    "3": {
      "mean_ndcg": 0.7130929753571458,
      "std_ndcg": 0.4258000045684207
    },
    "4": {
      "mean_ndcg": 0.617405776522274,
      "std_ndcg": 0.38150652557737225
    },
    "5": {
      "mean_ndcg": 0.41643925794440195,
      "std_ndcg": 0.2585293368757272
    },
    "6": {
      "mean_ndcg": 0.46231100409894915,
      "std_ndcg": 0.25859860140804136
    },
    "7": {
      "mean_ndcg": 0.4134695066704337,
      "std_ndcg": 0.11290555252474903
    },
    "8": {
      "mean_ndcg": 0.45125234739520337,
      "std_ndcg": 0.22602793466524035
    },
    "9": {
      "mean_ndcg": 0.5521969259586421,
      "std_ndcg": 0.15716284877037215
    }
  },
  "num_trials": 20,
  "num_samples": 10,
  "k": 10
}