{
  "overall_avg_ndcg": 0.6661667198356217,
  "trial_avg_scores": [
    0.6749489114543373,
    0.6380418868114831,
    0.6818812556469981,
    0.6749489114543373,
    0.7038553940861261,
    0.6733278375538602,
    0.6380418868114831,
    0.6380418868114831,
    0.6749489114543373,
    0.6194600553738514,
    0.6749489114543373,
    0.6380418868114831,
    0.7038553940861261,
    0.7038553940861261,
    0.6380418868114831,
    0.7038553940861261,
    0.6763923995665121,
    0.6380418868114831,
    0.6538553940861261,
    0.6749489114543373
  ],
  "sample_stats": {
    "0": {
      "mean_ndcg": 0.8233702904413758,
      "std_ndcg": 0.27581501971308675
    },
    "1": {
      "mean_ndcg": 0.6537971876290202,
      "std_ndcg": 0.3511726992668875
    },
    "2": {
      "mean_ndcg": 0.6937882802898523,
      "std_ndcg": 0.39393557519970135
    },
    "3": {
      "mean_ndcg": 0.5944409927785277,
      "std_ndcg": 0.35651389921475685
    },
    "4": {
      "mean_ndcg": 0.7087247908592748,
      "std_ndcg": 0.2982327749617838
    },
    "5": {
      "mean_ndcg": 0.5569536526901182,
      "std_ndcg": 0.29344860222508107
    },
    "6": {
      "mean_ndcg": 0.7412374504974906,
      "std_ndcg": 0.36703196820277256
    },
    "7": {
      "mean_ndcg": 0.6759874804571004,
      "std_ndcg": 0.30562525777687205
    },
    "8": {
      "mean_ndcg": 0.4868701266832057,
      "std_ndcg": 0.3131169541129456
    },
    "9": {
      "mean_ndcg": 0.7264969460302539,
      "std_ndcg": 0.287444296709198
    }
  },
  "num_trials": 20,
  "num_samples": 10,
  "k": 10
}