{
  "overall_avg_ndcg": 0.5644735760323749,
  "trial_avg_scores": [
    0.5587913740845396,
    0.5865013397817191,
    0.5606594191625822,
    0.5618559360971915,
    0.5606594191625822,
    0.5618559360971915,
    0.5317529365307935,
    0.5907624187289804,
    0.5876978567163283,
    0.5606594191625822,
    0.5575948571499303,
    0.5575948571499303,
    0.5922059068411551,
    0.5606594191625822,
    0.5575948571499303,
    0.5618559360971915,
    0.5606594191625822,
    0.5575948571499303,
    0.5618559360971915,
    0.5606594191625822
  ],
  "sample_stats": {
    "0": {
      "mean_ndcg": 0.4664650211959698,
      "std_ndcg": 0.39107753302011805
    },
    "1": {
      "mean_ndcg": 0.43993274018964384,
      "std_ndcg": 0.3719567988702419
    },
    "2": {
      "mean_ndcg": 0.5975723969064328,
      "std_ndcg": 0.4273924856944465
    },
    "3": {
      "mean_ndcg": 0.438339811115006,
      "std_ndcg": 0.40411948130664954
    },
    "4": {
      "mean_ndcg": 0.6968044363139925,
      "std_ndcg": 0.35708300108172464
    },
    "5": {
      "mean_ndcg": 0.6924827092984194,
      "std_ndcg": 0.324390849672155
    },
    "6": {
      "mean_ndcg": 0.7111700833030843,
      "std_ndcg": 0.37163834798656503
    },
    "7": {
      "mean_ndcg": 0.5069492625726983,
      "std_ndcg": 0.31386082963740347
    },
    "8": {
      "mean_ndcg": 0.49495033488139806,
      "std_ndcg": 0.3669148335120526
    },
    "9": {
      "mean_ndcg": 0.6000689645471039,
      "std_ndcg": 0.3768524527050117
    }
  },
  "num_trials": 20,
  "num_samples": 10,
  "k": 10
}