{
  "goal": "Mainly focus on accuracy, followed by diversity",
  "overall_avg_scores": {
    "HR": 0.8400000000000001,
    "NDCG": 0.4677694346219979,
    "Alpha_NDCG": 4.543559338088344,
    "MAD": 0.0
  },
  "trial_avg_scores": {
    "HR": [
      0.8,
      0.8,
      0.9,
      0.9,
      0.8,
      0.9,
      0.8,
      0.9,
      0.9,
      0.7
    ],
    "NDCG": [
      0.5052176827750188,
      0.45487432523243304,
      0.5550519110207355,
      0.5469230498934654,
      0.39322103946773995,
      0.4778711011696168,
      0.4506625129572696,
      0.4091628658585876,
      0.5636341921777915,
      0.32107566566732115
    ],
    "Alpha_NDCG": [
      4.543559338088345,
      4.543559338088345,
      4.543559338088345,
      4.543559338088345,
      4.543559338088345,
      4.543559338088345,
      4.543559338088345,
      4.543559338088345,
      4.543559338088345,
      4.543559338088345
    ],
    "MAD": [
      0.0,
      0.0,
      0.0,
      0.0,
      0.0,
      0.0,
      0.0,
      0.0,
      0.0,
      0.0
    ]
  },
  "sample_stats": {
    "0": {
      "HR": {
        "mean": 1.0,
        "std": 0.0,
        "scores": [
          1.0,
          1.0,
          1.0,
          1.0,
          1.0,
          1.0,
          1.0,
          1.0,
          1.0,
          1.0
        ]
      },
      "NDCG": {
        "mean": 0.49435970015609093,
        "std": 0.12058010732651513,
        "scores": [
          0.43067655807339306,
          0.31546487678572877,
          0.6309297535714575,
          0.6309297535714575,
          0.43067655807339306,
          0.38685280723454163,
          0.3562071871080222,
          0.6309297535714575,
          0.6309297535714575,
          0.5
        ]
      },
      "Alpha_NDCG": {
        "mean": 4.543559338088345,
        "std": 8.881784197001252e-16,
        "scores": [
          4.543559338088346,
          4.543559338088346,
          4.543559338088346,
          4.543559338088346,
          4.543559338088346,
          4.543559338088346,
          4.543559338088346,
          4.543559338088346,
          4.543559338088346,
          4.543559338088346
        ]
      },
      "MAD": {
        "mean": 0.0,
        "std": 0.0,
        "scores": [
          0.0,
          0.0,
          0.0,
          0.0,
          0.0,
          0.0,
          0.0,
          0.0,
          0.0,
          0.0
        ]
      }
    },
    "1": {
      "HR": {
        "mean": 0.9,
        "std": 0.3,
        "scores": [
          1.0,
          1.0,
          1.0,
          1.0,
          1.0,
          1.0,
          1.0,
          1.0,
          1.0,
          0.0
        ]
      },
      "NDCG": {
        "mean": 0.48169987133897346,
        "std": 0.2987527500602756,
        "scores": [
          1.0,
          0.6309297535714575,
          0.38685280723454163,
          0.43067655807339306,
          0.43067655807339306,
          0.31546487678572877,
          0.2890648263178879,
          0.3333333333333333,
          1.0,
          0.0
        ]
      },
      "Alpha_NDCG": {
        "mean": 4.543559338088345,
        "std": 8.881784197001252e-16,
        "scores": [
          4.543559338088346,
          4.543559338088346,
          4.543559338088346,
          4.543559338088346,
          4.543559338088346,
          4.543559338088346,
          4.543559338088346,
          4.543559338088346,
          4.543559338088346,
          4.543559338088346
        ]
      },
      "MAD": {
        "mean": 0.0,
        "std": 0.0,
        "scores": [
          0.0,
          0.0,
          0.0,
          0.0,
          0.0,
          0.0,
          0.0,
          0.0,
          0.0,
          0.0
        ]
      }
    },
    "2": {
      "HR": {
        "mean": 0.9,
        "std": 0.30000000000000004,
        "scores": [
          1.0,
          0.0,
          1.0,
          1.0,
          1.0,
          1.0,
          1.0,
          1.0,
          1.0,
          1.0
        ]
      },
      "NDCG": {
        "mean": 0.38539261963796956,
        "std": 0.2398126985336114,
        "scores": [
          0.3010299956639812,
          0.0,
          1.0,
          0.2890648263178879,
          0.38685280723454163,
          0.5,
          0.43067655807339306,
          0.2890648263178879,
          0.3010299956639812,
          0.3562071871080222
        ]
      },
      "Alpha_NDCG": {
        "mean": 4.543559338088345,
        "std": 8.881784197001252e-16,
        "scores": [
          4.543559338088346,
          4.543559338088346,
          4.543559338088346,
          4.543559338088346,
          4.543559338088346,
          4.543559338088346,
          4.543559338088346,
          4.543559338088346,
          4.543559338088346,
          4.543559338088346
        ]
      },
      "MAD": {
        "mean": 0.0,
        "std": 0.0,
        "scores": [
          0.0,
          0.0,
          0.0,
          0.0,
          0.0,
          0.0,
          0.0,
          0.0,
          0.0,
          0.0
        ]
      }
    },
    "3": {
      "HR": {
        "mean": 0.7,
        "std": 0.45825756949558394,
        "scores": [
          1.0,
          0.0,
          1.0,
          1.0,
          0.0,
          0.0,
          1.0,
          1.0,
          1.0,
          1.0
        ]
      },
      "NDCG": {
        "mean": 0.38080998814132716,
        "std": 0.3483659930310636,
        "scores": [
          0.3562071871080222,
          0.0,
          0.3010299956639812,
          0.38685280723454163,
          0.0,
          0.0,
          1.0,
          0.43067655807339306,
          1.0,
          0.3333333333333333
        ]
      },
      "Alpha_NDCG": {
        "mean": 4.543559338088345,
        "std": 8.881784197001252e-16,
        "scores": [
          4.543559338088346,
          4.543559338088346,
          4.543559338088346,
          4.543559338088346,
          4.543559338088346,
          4.543559338088346,
          4.543559338088346,
          4.543559338088346,
          4.543559338088346,
          4.543559338088346
        ]
      },
      "MAD": {
        "mean": 0.0,
        "std": 0.0,
        "scores": [
          0.0,
          0.0,
          0.0,
          0.0,
          0.0,
          0.0,
          0.0,
          0.0,
          0.0,
          0.0
        ]
      }
    },
    "4": {
      "HR": {
        "mean": 0.7,
        "std": 0.45825756949558405,
        "scores": [
          1.0,
          1.0,
          0.0,
          1.0,
          1.0,
          1.0,
          1.0,
          0.0,
          1.0,
          0.0
        ]
      },
      "NDCG": {
        "mean": 0.3508353076911336,
        "std": 0.2992468958448256,
        "scores": [
          0.3333333333333333,
          0.3562071871080222,
          0.0,
          0.3010299956639812,
          0.6309297535714575,
          1.0,
          0.5,
          0.0,
          0.38685280723454163,
          0.0
        ]
      },
      "Alpha_NDCG": {
        "mean": 4.543559338088345,
        "std": 8.881784197001252e-16,
        "scores": [
          4.543559338088346,
          4.543559338088346,
          4.543559338088346,
          4.543559338088346,
          4.543559338088346,
          4.543559338088346,
          4.543559338088346,
          4.543559338088346,
          4.543559338088346,
          4.543559338088346
        ]
      },
      "MAD": {
        "mean": 0.0,
        "std": 0.0,
        "scores": [
          0.0,
          0.0,
          0.0,
          0.0,
          0.0,
          0.0,
          0.0,
          0.0,
          0.0,
          0.0
        ]
      }
    },
    "5": {
      "HR": {
        "mean": 0.8,
        "std": 0.4,
        "scores": [
          0.0,
          1.0,
          1.0,
          1.0,
          1.0,
          1.0,
          0.0,
          1.0,
          1.0,
          1.0
        ]
      },
      "NDCG": {
        "mean": 0.35792962511835547,
        "std": 0.2654393353484025,