{
  "overall_avg_ndcg": 0.49405695681364464,
  "trial_avg_scores": [
    0.49639522115427687,
    0.4901346853201552,
    0.4515083459576607,
    0.510676515733295,
    0.4515083459576607,
    0.49280332114593034,
    0.4515083459576607,
    0.44713040022530076,
    0.5185589716538722,
    0.5375169161473696,
    0.535201096289545,
    0.5045892600943502,
    0.4991273935767083,
    0.5331389704150097,
    0.4901346853201552,
    0.49280332114593034,
    0.49451263105251514,
    0.49451263105251514,
    0.5378697321153202,
    0.4515083459576607
  ],
  "sample_stats": {
    "0": {
      "mean_ndcg": 0.7097387085819457,
      "std_ndcg": 0.32236862460281746
    },
    "1": {
      "mean_ndcg": 0.4272236073325238,
      "std_ndcg": 0.26811321078686773
    },
    "2": {
      "mean_ndcg": 0.443932560164691,
      "std_ndcg": 0.30967338429305796
    },
    "3": {
      "mean_ndcg": 0.39067118422362324,
      "std_ndcg": 0.3842871318812472
    },
    "4": {
      "mean_ndcg": 0.48347790340046987,
      "std_ndcg": 0.32879722789369964
    },
    "5": {
      "mean_ndcg": 0.4798253308085898,
      "std_ndcg": 0.3673311781482479
    },
    "6": {
      "mean_ndcg": 0.5235294031836689,
      "std_ndcg": 0.331370513268335
    }
  },
  "num_trials": 20,
  "num_samples": 7,
  "k": 10
}